<?xml version="1.0" encoding="UTF-8"?>
<spirit:component xmlns:xilinx="http://www.xilinx.com" xmlns:spirit="http://www.spiritconsortium.org/XMLSchema/SPIRIT/1685-2009" xmlns:xsi="http://www.w3.org/2001/XMLSchema-instance">
  <spirit:vendor>xilinx.com</spirit:vendor>
  <spirit:library>hls</spirit:library>
  <spirit:name>axi_decrypt</spirit:name>
  <spirit:version>1.0</spirit:version>
  <spirit:busInterfaces>
    <spirit:busInterface>
      <spirit:name>s_axi_control</spirit:name>
      <spirit:busType spirit:vendor="xilinx.com" spirit:library="interface" spirit:name="aximm" spirit:version="1.0"/>
      <spirit:abstractionType spirit:vendor="xilinx.com" spirit:library="interface" spirit:name="aximm_rtl" spirit:version="1.0"/>
      <spirit:slave>
        <spirit:memoryMapRef spirit:memoryMapRef="s_axi_control"/>
      </spirit:slave>
      <spirit:portMaps>
        <spirit:portMap>
          <spirit:logicalPort>
            <spirit:name>AWADDR</spirit:name>
          </spirit:logicalPort>
          <spirit:physicalPort>
            <spirit:name>s_axi_control_AWADDR</spirit:name>
          </spirit:physicalPort>
        </spirit:portMap>
        <spirit:portMap>
          <spirit:logicalPort>
            <spirit:name>AWVALID</spirit:name>
          </spirit:logicalPort>
          <spirit:physicalPort>
            <spirit:name>s_axi_control_AWVALID</spirit:name>
          </spirit:physicalPort>
        </spirit:portMap>
        <spirit:portMap>
          <spirit:logicalPort>
            <spirit:name>AWREADY</spirit:name>
          </spirit:logicalPort>
          <spirit:physicalPort>
            <spirit:name>s_axi_control_AWREADY</spirit:name>
          </spirit:physicalPort>
        </spirit:portMap>
        <spirit:portMap>
          <spirit:logicalPort>
            <spirit:name>WDATA</spirit:name>
          </spirit:logicalPort>
          <spirit:physicalPort>
            <spirit:name>s_axi_control_WDATA</spirit:name>
          </spirit:physicalPort>
        </spirit:portMap>
        <spirit:portMap>
          <spirit:logicalPort>
            <spirit:name>WSTRB</spirit:name>
          </spirit:logicalPort>
          <spirit:physicalPort>
            <spirit:name>s_axi_control_WSTRB</spirit:name>
          </spirit:physicalPort>
        </spirit:portMap>
        <spirit:portMap>
          <spirit:logicalPort>
            <spirit:name>WVALID</spirit:name>
          </spirit:logicalPort>
          <spirit:physicalPort>
            <spirit:name>s_axi_control_WVALID</spirit:name>
          </spirit:physicalPort>
        </spirit:portMap>
        <spirit:portMap>
          <spirit:logicalPort>
            <spirit:name>WREADY</spirit:name>
          </spirit:logicalPort>
          <spirit:physicalPort>
            <spirit:name>s_axi_control_WREADY</spirit:name>
          </spirit:physicalPort>
        </spirit:portMap>
        <spirit:portMap>
          <spirit:logicalPort>
            <spirit:name>BRESP</spirit:name>
          </spirit:logicalPort>
          <spirit:physicalPort>
            <spirit:name>s_axi_control_BRESP</spirit:name>
          </spirit:physicalPort>
        </spirit:portMap>
        <spirit:portMap>
          <spirit:logicalPort>
            <spirit:name>BVALID</spirit:name>
          </spirit:logicalPort>
          <spirit:physicalPort>
            <spirit:name>s_axi_control_BVALID</spirit:name>
          </spirit:physicalPort>
        </spirit:portMap>
        <spirit:portMap>
          <spirit:logicalPort>
            <spirit:name>BREADY</spirit:name>
          </spirit:logicalPort>
          <spirit:physicalPort>
            <spirit:name>s_axi_control_BREADY</spirit:name>
          </spirit:physicalPort>
        </spirit:portMap>
        <spirit:portMap>
          <spirit:logicalPort>
            <spirit:name>ARADDR</spirit:name>
          </spirit:logicalPort>
          <spirit:physicalPort>
            <spirit:name>s_axi_control_ARADDR</spirit:name>
          </spirit:physicalPort>
        </spirit:portMap>
        <spirit:portMap>
          <spirit:logicalPort>
            <spirit:name>ARVALID</spirit:name>
          </spirit:logicalPort>
          <spirit:physicalPort>
            <spirit:name>s_axi_control_ARVALID</spirit:name>
          </spirit:physicalPort>
        </spirit:portMap>
        <spirit:portMap>
          <spirit:logicalPort>
            <spirit:name>ARREADY</spirit:name>
          </spirit:logicalPort>
          <spirit:physicalPort>
            <spirit:name>s_axi_control_ARREADY</spirit:name>
          </spirit:physicalPort>
        </spirit:portMap>
        <spirit:portMap>
          <spirit:logicalPort>
            <spirit:name>RDATA</spirit:name>
          </spirit:logicalPort>
          <spirit:physicalPort>
            <spirit:name>s_axi_control_RDATA</spirit:name>
          </spirit:physicalPort>
        </spirit:portMap>
        <spirit:portMap>
          <spirit:logicalPort>
            <spirit:name>RRESP</spirit:name>
          </spirit:logicalPort>
          <spirit:physicalPort>
            <spirit:name>s_axi_control_RRESP</spirit:name>
          </spirit:physicalPort>
        </spirit:portMap>
        <spirit:portMap>
          <spirit:logicalPort>
            <spirit:name>RVALID</spirit:name>
          </spirit:logicalPort>
          <spirit:physicalPort>
            <spirit:name>s_axi_control_RVALID</spirit:name>
          </spirit:physicalPort>
        </spirit:portMap>
        <spirit:portMap>
          <spirit:logicalPort>
            <spirit:name>RREADY</spirit:name>
          </spirit:logicalPort>
          <spirit:physicalPort>
            <spirit:name>s_axi_control_RREADY</spirit:name>
          </spirit:physicalPort>
        </spirit:portMap>
      </spirit:portMaps>
      <spirit:parameters>
        <spirit:parameter>
          <spirit:name>ADDR_WIDTH</spirit:name>
          <spirit:value spirit:id="BUSIFPARAM_VALUE.S_AXI_CONTROL.ADDR_WIDTH">8</spirit:value>
        </spirit:parameter>
        <spirit:parameter>
          <spirit:name>DATA_WIDTH</spirit:name>
          <spirit:value spirit:id="BUSIFPARAM_VALUE.S_AXI_CONTROL.DATA_WIDTH">32</spirit:value>
        </spirit:parameter>
        <spirit:parameter>
          <spirit:name>PROTOCOL</spirit:name>
          <spirit:value spirit:id="BUSIFPARAM_VALUE.S_AXI_CONTROL.PROTOCOL">AXI4LITE</spirit:value>
        </spirit:parameter>
        <spirit:parameter>
          <spirit:name>READ_WRITE_MODE</spirit:name>
          <spirit:value spirit:id="BUSIFPARAM_VALUE.S_AXI_CONTROL.READ_WRITE_MODE">READ_WRITE</spirit:value>
        </spirit:parameter>
      </spirit:parameters>
    </spirit:busInterface>
    <spirit:busInterface>
      <spirit:name>ap_clk</spirit:name>
      <spirit:busType spirit:vendor="xilinx.com" spirit:library="signal" spirit:name="clock" spirit:version="1.0"/>
      <spirit:abstractionType spirit:vendor="xilinx.com" spirit:library="signal" spirit:name="clock_rtl" spirit:version="1.0"/>
      <spirit:slave/>
      <spirit:portMaps>
        <spirit:portMap>
          <spirit:logicalPort>
            <spirit:name>CLK</spirit:name>
          </spirit:logicalPort>
          <spirit:physicalPort>
            <spirit:name>ap_clk</spirit:name>
          </spirit:physicalPort>
        </spirit:portMap>
      </spirit:portMaps>
      <spirit:parameters>
        <spirit:parameter>
          <spirit:name>ASSOCIATED_BUSIF</spirit:name>
          <spirit:value spirit:id="BUSIFPARAM_VALUE.AP_CLK.ASSOCIATED_BUSIF">s_axi_control</spirit:value>
        </spirit:parameter>
        <spirit:parameter>
          <spirit:name>ASSOCIATED_RESET</spirit:name>
          <spirit:value spirit:id="BUSIFPARAM_VALUE.AP_CLK.ASSOCIATED_RESET">ap_rst_n</spirit:value>
        </spirit:parameter>
      </spirit:parameters>
    </spirit:busInterface>
    <spirit:busInterface>
      <spirit:name>ap_rst_n</spirit:name>
      <spirit:busType spirit:vendor="xilinx.com" spirit:library="signal" spirit:name="reset" spirit:version="1.0"/>
      <spirit:abstractionType spirit:vendor="xilinx.com" spirit:library="signal" spirit:name="reset_rtl" spirit:version="1.0"/>
      <spirit:slave/>
      <spirit:portMaps>
        <spirit:portMap>
          <spirit:logicalPort>
            <spirit:name>RST</spirit:name>
          </spirit:logicalPort>
          <spirit:physicalPort>
            <spirit:name>ap_rst_n</spirit:name>
          </spirit:physicalPort>
        </spirit:portMap>
      </spirit:portMaps>
      <spirit:parameters>
        <spirit:parameter>
          <spirit:name>POLARITY</spirit:name>
          <spirit:value spirit:id="BUSIFPARAM_VALUE.AP_RST_N.POLARITY">ACTIVE_LOW</spirit:value>
        </spirit:parameter>
      </spirit:parameters>
    </spirit:busInterface>
    <spirit:busInterface>
      <spirit:name>interrupt</spirit:name>
      <spirit:busType spirit:vendor="xilinx.com" spirit:library="signal" spirit:name="interrupt" spirit:version="1.0"/>
      <spirit:abstractionType spirit:vendor="xilinx.com" spirit:library="signal" spirit:name="interrupt_rtl" spirit:version="1.0"/>
      <spirit:master/>
      <spirit:portMaps>
        <spirit:portMap>
          <spirit:logicalPort>
            <spirit:name>INTERRUPT</spirit:name>
          </spirit:logicalPort>
          <spirit:physicalPort>
            <spirit:name>interrupt</spirit:name>
          </spirit:physicalPort>
        </spirit:portMap>
      </spirit:portMaps>
      <spirit:parameters>
        <spirit:parameter>
          <spirit:name>SENSITIVITY</spirit:name>
          <spirit:value spirit:id="BUSIFPARAM_VALUE.INTERRUPT.SENSITIVITY">LEVEL_HIGH</spirit:value>
        </spirit:parameter>
      </spirit:parameters>
    </spirit:busInterface>
  </spirit:busInterfaces>
  <spirit:memoryMaps>
    <spirit:memoryMap>
      <spirit:name>s_axi_control</spirit:name>
      <spirit:addressBlock>
        <spirit:name>Reg</spirit:name>
        <spirit:baseAddress spirit:format="long">0</spirit:baseAddress>
        <spirit:range spirit:format="long" spirit:resolve="generated">65536</spirit:range>
        <spirit:width spirit:format="long">32</spirit:width>
        <spirit:usage>register</spirit:usage>
        <spirit:access>read-write</spirit:access>
        <spirit:parameters>
          <spirit:parameter>
            <spirit:name>OFFSET_BASE_PARAM</spirit:name>
            <spirit:value spirit:id="ADDRBLOCKPARAM_VALUE.S_AXI_CONTROL.REG.OFFSET_BASE_PARAM">C_S_AXI_CONTROL_BASEADDR</spirit:value>
          </spirit:parameter>
          <spirit:parameter>
            <spirit:name>OFFSET_HIGH_PARAM</spirit:name>
            <spirit:value spirit:id="ADDRBLOCKPARAM_VALUE.S_AXI_CONTROL.REG.OFFSET_HIGH_PARAM">C_S_AXI_CONTROL_HIGHADDR</spirit:value>
          </spirit:parameter>
        </spirit:parameters>
        <spirit:register>
          <spirit:name>CTRL</spirit:name>
          <spirit:displayName>CTRL</spirit:displayName>
          <spirit:description>Control signals</spirit:description>
          <spirit:addressOffset>0</spirit:addressOffset>
          <spirit:size spirit:format="long">32</spirit:size>
          <spirit:access>read-write</spirit:access>
          <spirit:reset>
            <spirit:value spirit:format="long">0</spirit:value>
          </spirit:reset>
          <spirit:field>
            <spirit:name>AP_START</spirit:name>
            <spirit:description>Control signal Register for &apos;ap_start&apos;.</spirit:description>
            <spirit:bitOffset>0</spirit:bitOffset>
            <spirit:bitWidth spirit:format="long">1</spirit:bitWidth>
            <spirit:access>read-write</spirit:access>
            <spirit:modifiedWriteValue>modify</spirit:modifiedWriteValue>
            <spirit:writeValueConstraint>
              <spirit:minimum>0</spirit:minimum>
              <spirit:maximum>0</spirit:maximum>
            </spirit:writeValueConstraint>
            <spirit:testable spirit:testConstraint="unconstrained">false</spirit:testable>
          </spirit:field>
          <spirit:field>
            <spirit:name>AP_DONE</spirit:name>
            <spirit:description>Control signal Register for &apos;ap_done&apos;.</spirit:description>
            <spirit:bitOffset>1</spirit:bitOffset>
            <spirit:bitWidth spirit:format="long">1</spirit:bitWidth>
            <spirit:access>read-only</spirit:access>
            <spirit:writeValueConstraint>
              <spirit:minimum>0</spirit:minimum>
              <spirit:maximum>0</spirit:maximum>
            </spirit:writeValueConstraint>
            <spirit:readAction>modify</spirit:readAction>
            <spirit:testable spirit:testConstraint="unconstrained">false</spirit:testable>
          </spirit:field>
          <spirit:field>
            <spirit:name>AP_IDLE</spirit:name>
            <spirit:description>Control signal Register for &apos;ap_idle&apos;.</spirit:description>
            <spirit:bitOffset>2</spirit:bitOffset>
            <spirit:bitWidth spirit:format="long">1</spirit:bitWidth>
            <spirit:access>read-only</spirit:access>
            <spirit:writeValueConstraint>
              <spirit:minimum>0</spirit:minimum>
              <spirit:maximum>0</spirit:maximum>
            </spirit:writeValueConstraint>
            <spirit:readAction>modify</spirit:readAction>
            <spirit:testable spirit:testConstraint="unconstrained">false</spirit:testable>
          </spirit:field>
          <spirit:field>
            <spirit:name>AP_READY</spirit:name>
            <spirit:description>Control signal Register for &apos;ap_ready&apos;.</spirit:description>
            <spirit:bitOffset>3</spirit:bitOffset>
            <spirit:bitWidth spirit:format="long">1</spirit:bitWidth>
            <spirit:access>read-only</spirit:access>
            <spirit:writeValueConstraint>
              <spirit:minimum>0</spirit:minimum>
              <spirit:maximum>0</spirit:maximum>
            </spirit:writeValueConstraint>
            <spirit:readAction>modify</spirit:readAction>
            <spirit:testable spirit:testConstraint="unconstrained">false</spirit:testable>
          </spirit:field>
          <spirit:field>
            <spirit:name>RESERVED_1</spirit:name>
            <spirit:description>Reserved.  0s on read.</spirit:description>
            <spirit:bitOffset>4</spirit:bitOffset>
            <spirit:bitWidth spirit:format="long">3</spirit:bitWidth>
            <spirit:access>read-only</spirit:access>
            <spirit:writeValueConstraint>
              <spirit:minimum>0</spirit:minimum>
              <spirit:maximum>0</spirit:maximum>
            </spirit:writeValueConstraint>
            <spirit:readAction>modify</spirit:readAction>
            <spirit:testable spirit:testConstraint="unconstrained">false</spirit:testable>
          </spirit:field>
          <spirit:field>
            <spirit:name>AUTO_RESTART</spirit:name>
            <spirit:description>Control signal Register for &apos;auto_restart&apos;.</spirit:description>
            <spirit:bitOffset>7</spirit:bitOffset>
            <spirit:bitWidth spirit:format="long">1</spirit:bitWidth>
            <spirit:access>read-write</spirit:access>
            <spirit:modifiedWriteValue>modify</spirit:modifiedWriteValue>
            <spirit:writeValueConstraint>
              <spirit:minimum>0</spirit:minimum>
              <spirit:maximum>0</spirit:maximum>
            </spirit:writeValueConstraint>
            <spirit:testable spirit:testConstraint="unconstrained">false</spirit:testable>
          </spirit:field>
          <spirit:field>
            <spirit:name>RESERVED_2</spirit:name>
            <spirit:description>Reserved.  0s on read.</spirit:description>
            <spirit:bitOffset>8</spirit:bitOffset>
            <spirit:bitWidth spirit:format="long">1</spirit:bitWidth>
            <spirit:access>read-only</spirit:access>
            <spirit:writeValueConstraint>
              <spirit:minimum>0</spirit:minimum>
              <spirit:maximum>0</spirit:maximum>
            </spirit:writeValueConstraint>
            <spirit:readAction>modify</spirit:readAction>
            <spirit:testable spirit:testConstraint="unconstrained">false</spirit:testable>
          </spirit:field>
          <spirit:field>
            <spirit:name>INTERRUPT</spirit:name>
            <spirit:description>Control signal Register for &apos;interrupt&apos;.</spirit:description>
            <spirit:bitOffset>9</spirit:bitOffset>
            <spirit:bitWidth spirit:format="long">1</spirit:bitWidth>
            <spirit:access>read-only</spirit:access>
            <spirit:writeValueConstraint>
              <spirit:minimum>0</spirit:minimum>
              <spirit:maximum>0</spirit:maximum>
            </spirit:writeValueConstraint>
            <spirit:readAction>modify</spirit:readAction>
            <spirit:testable spirit:testConstraint="unconstrained">false</spirit:testable>
          </spirit:field>
          <spirit:field>
            <spirit:name>RESERVED_3</spirit:name>
            <spirit:description>Reserved.  0s on read.</spirit:description>
            <spirit:bitOffset>10</spirit:bitOffset>
            <spirit:bitWidth spirit:format="long">22</spirit:bitWidth>
            <spirit:access>read-only</spirit:access>
            <spirit:writeValueConstraint>
              <spirit:minimum>0</spirit:minimum>
              <spirit:maximum>0</spirit:maximum>
            </spirit:writeValueConstraint>
            <spirit:readAction>modify</spirit:readAction>
            <spirit:testable spirit:testConstraint="unconstrained">false</spirit:testable>
          </spirit:field>
        </spirit:register>
        <spirit:register>
          <spirit:name>GIER</spirit:name>
          <spirit:displayName>GIER</spirit:displayName>
          <spirit:description>Global Interrupt Enable Register</spirit:description>
          <spirit:addressOffset>4</spirit:addressOffset>
          <spirit:size spirit:format="long">32</spirit:size>
          <spirit:access>read-write</spirit:access>
          <spirit:reset>
            <spirit:value spirit:format="long">0</spirit:value>
          </spirit:reset>
          <spirit:field>
            <spirit:name>Enable</spirit:name>
            <spirit:description>Master enable for the device interrupt output to the system interrupt controller: 0 = Disabled, 1 = Enabled</spirit:description>
            <spirit:bitOffset>0</spirit:bitOffset>
            <spirit:bitWidth spirit:format="long">1</spirit:bitWidth>
            <spirit:access>read-write</spirit:access>
            <spirit:modifiedWriteValue>modify</spirit:modifiedWriteValue>
            <spirit:writeValueConstraint>
              <spirit:minimum>0</spirit:minimum>
              <spirit:maximum>0</spirit:maximum>
            </spirit:writeValueConstraint>
            <spirit:testable spirit:testConstraint="unconstrained">false</spirit:testable>
          </spirit:field>
          <spirit:field>
            <spirit:name>RESERVED</spirit:name>
            <spirit:description>Reserved.  0s on read.</spirit:description>
            <spirit:bitOffset>1</spirit:bitOffset>
            <spirit:bitWidth spirit:format="long">31</spirit:bitWidth>
            <spirit:access>read-only</spirit:access>
            <spirit:writeValueConstraint>
              <spirit:minimum>0</spirit:minimum>
              <spirit:maximum>0</spirit:maximum>
            </spirit:writeValueConstraint>
            <spirit:readAction>modify</spirit:readAction>
            <spirit:testable spirit:testConstraint="unconstrained">false</spirit:testable>
          </spirit:field>
        </spirit:register>
        <spirit:register>
          <spirit:name>IP_IER</spirit:name>
          <spirit:displayName>IP_IER</spirit:displayName>
          <spirit:description>IP Interrupt Enable Register</spirit:description>
          <spirit:addressOffset>8</spirit:addressOffset>
          <spirit:size spirit:format="long">32</spirit:size>
          <spirit:access>read-write</spirit:access>
          <spirit:reset>
            <spirit:value spirit:format="long">0</spirit:value>
          </spirit:reset>
          <spirit:field>
            <spirit:name>CHAN0_INT_EN</spirit:name>
            <spirit:description>Enable Channel 0 (ap_done) Interrupt.  0 = Disabled, 1 = Enabled.</spirit:description>
            <spirit:bitOffset>0</spirit:bitOffset>
            <spirit:bitWidth spirit:format="long">1</spirit:bitWidth>
            <spirit:access>read-write</spirit:access>
            <spirit:modifiedWriteValue>modify</spirit:modifiedWriteValue>
            <spirit:writeValueConstraint>
              <spirit:minimum>0</spirit:minimum>
              <spirit:maximum>0</spirit:maximum>
            </spirit:writeValueConstraint>
            <spirit:testable spirit:testConstraint="unconstrained">false</spirit:testable>
          </spirit:field>
          <spirit:field>
            <spirit:name>CHAN1_INT_EN</spirit:name>
            <spirit:description>Enable Channel 1 (ap_ready) Interrupt.  0 = Disabled, 1 = Enabled.</spirit:description>
            <spirit:bitOffset>1</spirit:bitOffset>
            <spirit:bitWidth spirit:format="long">1</spirit:bitWidth>
            <spirit:access>read-write</spirit:access>
            <spirit:modifiedWriteValue>modify</spirit:modifiedWriteValue>
            <spirit:writeValueConstraint>
              <spirit:minimum>0</spirit:minimum>
              <spirit:maximum>0</spirit:maximum>
            </spirit:writeValueConstraint>
            <spirit:testable spirit:testConstraint="unconstrained">false</spirit:testable>
          </spirit:field>
          <spirit:field>
            <spirit:name>RESERVED_0</spirit:name>
            <spirit:description>Reserved.  0s on read.</spirit:description>
            <spirit:bitOffset>2</spirit:bitOffset>
            <spirit:bitWidth spirit:format="long">30</spirit:bitWidth>
            <spirit:access>read-only</spirit:access>
            <spirit:writeValueConstraint>
              <spirit:minimum>0</spirit:minimum>
              <spirit:maximum>0</spirit:maximum>
            </spirit:writeValueConstraint>
            <spirit:readAction>modify</spirit:readAction>
            <spirit:testable spirit:testConstraint="unconstrained">false</spirit:testable>
          </spirit:field>
        </spirit:register>
        <spirit:register>
          <spirit:name>IP_ISR</spirit:name>
          <spirit:displayName>IP_ISR</spirit:displayName>
          <spirit:description>IP Interrupt Status Register</spirit:description>
          <spirit:addressOffset>12</spirit:addressOffset>
          <spirit:size spirit:format="long">32</spirit:size>
          <spirit:access>read-write</spirit:access>
          <spirit:reset>
            <spirit:value spirit:format="long">0</spirit:value>
          </spirit:reset>
          <spirit:field>
            <spirit:name>CHAN0_INT_ST</spirit:name>
            <spirit:description>Channel 0 (ap_done) Interrupt Status. 0 = No Channel 0 interrupt, 1 = Channel 0 interrupt.</spirit:description>
            <spirit:bitOffset>0</spirit:bitOffset>
            <spirit:bitWidth spirit:format="long">1</spirit:bitWidth>
            <spirit:access>read-only</spirit:access>
            <spirit:modifiedWriteValue>oneToToggle</spirit:modifiedWriteValue>
            <spirit:writeValueConstraint>
              <spirit:minimum>0</spirit:minimum>
              <spirit:maximum>0</spirit:maximum>
            </spirit:writeValueConstraint>
            <spirit:readAction>modify</spirit:readAction>
            <spirit:testable spirit:testConstraint="unconstrained">false</spirit:testable>
          </spirit:field>
          <spirit:field>
            <spirit:name>CHAN1_INT_ST</spirit:name>
            <spirit:description>Channel 1 (ap_ready) Interrupt Status. 0 = No Channel 1 interrupt, 1 = Channel 1 interrupt.</spirit:description>
            <spirit:bitOffset>1</spirit:bitOffset>
            <spirit:bitWidth spirit:format="long">1</spirit:bitWidth>
            <spirit:access>read-only</spirit:access>
            <spirit:modifiedWriteValue>oneToToggle</spirit:modifiedWriteValue>
            <spirit:writeValueConstraint>
              <spirit:minimum>0</spirit:minimum>
              <spirit:maximum>0</spirit:maximum>
            </spirit:writeValueConstraint>
            <spirit:readAction>modify</spirit:readAction>
            <spirit:testable spirit:testConstraint="unconstrained">false</spirit:testable>
          </spirit:field>
          <spirit:field>
            <spirit:name>RESERVED_0</spirit:name>
            <spirit:description>Reserved.  0s on read.</spirit:description>
            <spirit:bitOffset>2</spirit:bitOffset>
            <spirit:bitWidth spirit:format="long">30</spirit:bitWidth>
            <spirit:access>read-only</spirit:access>
            <spirit:writeValueConstraint>
              <spirit:minimum>0</spirit:minimum>
              <spirit:maximum>0</spirit:maximum>
            </spirit:writeValueConstraint>
            <spirit:readAction>modify</spirit:readAction>
            <spirit:testable spirit:testConstraint="unconstrained">false</spirit:testable>
          </spirit:field>
        </spirit:register>
        <spirit:register>
          <spirit:name>ap_return</spirit:name>
          <spirit:displayName>ap_return</spirit:displayName>
          <spirit:description>Data signal of ap_return</spirit:description>
          <spirit:addressOffset>16</spirit:addressOffset>
          <spirit:size spirit:format="long">32</spirit:size>
          <spirit:access>read-only</spirit:access>
          <spirit:reset>
            <spirit:value spirit:format="long">0</spirit:value>
          </spirit:reset>
          <spirit:field>
            <spirit:name>ap_return</spirit:name>
            <spirit:description>Bit 31 to 0 of ap_return</spirit:description>
            <spirit:bitOffset>0</spirit:bitOffset>
            <spirit:bitWidth spirit:format="long">32</spirit:bitWidth>
            <spirit:access>read-only</spirit:access>
            <spirit:writeValueConstraint>
              <spirit:minimum>0</spirit:minimum>
              <spirit:maximum>0</spirit:maximum>
            </spirit:writeValueConstraint>
            <spirit:readAction>modify</spirit:readAction>
            <spirit:testable spirit:testConstraint="unconstrained">false</spirit:testable>
          </spirit:field>
        </spirit:register>
        <spirit:register>
          <spirit:name>m_1</spirit:name>
          <spirit:displayName>m_1</spirit:displayName>
          <spirit:description>Data signal of m</spirit:description>
          <spirit:addressOffset>24</spirit:addressOffset>
          <spirit:size spirit:format="long">32</spirit:size>
          <spirit:access>write-only</spirit:access>
          <spirit:reset>
            <spirit:value spirit:format="long">0</spirit:value>
          </spirit:reset>
          <spirit:field>
            <spirit:name>m</spirit:name>
            <spirit:description>Bit 31 to 0 of m</spirit:description>
            <spirit:bitOffset>0</spirit:bitOffset>
            <spirit:bitWidth spirit:format="long">32</spirit:bitWidth>
            <spirit:access>write-only</spirit:access>
            <spirit:writeValueConstraint>
              <spirit:minimum>0</spirit:minimum>
              <spirit:maximum>0</spirit:maximum>
            </spirit:writeValueConstraint>
            <spirit:testable spirit:testConstraint="unconstrained">false</spirit:testable>
          </spirit:field>
        </spirit:register>
        <spirit:register>
          <spirit:name>m_2</spirit:name>
          <spirit:displayName>m_2</spirit:displayName>
          <spirit:description>Data signal of m</spirit:description>
          <spirit:addressOffset>28</spirit:addressOffset>
          <spirit:size spirit:format="long">32</spirit:size>
          <spirit:access>write-only</spirit:access>
          <spirit:reset>
            <spirit:value spirit:format="long">0</spirit:value>
          </spirit:reset>
          <spirit:field>
            <spirit:name>m</spirit:name>
            <spirit:description>Bit 63 to 32 of m</spirit:description>
            <spirit:bitOffset>0</spirit:bitOffset>
            <spirit:bitWidth spirit:format="long">32</spirit:bitWidth>
            <spirit:access>write-only</spirit:access>
            <spirit:writeValueConstraint>
              <spirit:minimum>0</spirit:minimum>
              <spirit:maximum>0</spirit:maximum>
            </spirit:writeValueConstraint>
            <spirit:testable spirit:testConstraint="unconstrained">false</spirit:testable>
          </spirit:field>
        </spirit:register>
        <spirit:register>
          <spirit:name>m_3</spirit:name>
          <spirit:displayName>m_3</spirit:displayName>
          <spirit:description>Data signal of m</spirit:description>
          <spirit:addressOffset>32</spirit:addressOffset>
          <spirit:size spirit:format="long">32</spirit:size>
          <spirit:access>write-only</spirit:access>
          <spirit:reset>
            <spirit:value spirit:format="long">0</spirit:value>
          </spirit:reset>
          <spirit:field>
            <spirit:name>m</spirit:name>
            <spirit:description>Bit 95 to 64 of m</spirit:description>
            <spirit:bitOffset>0</spirit:bitOffset>
            <spirit:bitWidth spirit:format="long">32</spirit:bitWidth>
            <spirit:access>write-only</spirit:access>
            <spirit:writeValueConstraint>
              <spirit:minimum>0</spirit:minimum>
              <spirit:maximum>0</spirit:maximum>
            </spirit:writeValueConstraint>
            <spirit:testable spirit:testConstraint="unconstrained">false</spirit:testable>
          </spirit:field>
        </spirit:register>
        <spirit:register>
          <spirit:name>m_4</spirit:name>
          <spirit:displayName>m_4</spirit:displayName>
          <spirit:description>Data signal of m</spirit:description>
          <spirit:addressOffset>36</spirit:addressOffset>
          <spirit:size spirit:format="long">32</spirit:size>
          <spirit:access>write-only</spirit:access>
          <spirit:reset>
            <spirit:value spirit:format="long">0</spirit:value>
          </spirit:reset>
          <spirit:field>
            <spirit:name>m</spirit:name>
            <spirit:description>Bit 127 to 96 of m</spirit:description>
            <spirit:bitOffset>0</spirit:bitOffset>
            <spirit:bitWidth spirit:format="long">32</spirit:bitWidth>
            <spirit:access>write-only</spirit:access>
            <spirit:writeValueConstraint>
              <spirit:minimum>0</spirit:minimum>
              <spirit:maximum>0</spirit:maximum>
            </spirit:writeValueConstraint>
            <spirit:testable spirit:testConstraint="unconstrained">false</spirit:testable>
          </spirit:field>
        </spirit:register>
        <spirit:register>
          <spirit:name>nsec_1</spirit:name>
          <spirit:displayName>nsec_1</spirit:displayName>
          <spirit:description>Data signal of nsec</spirit:description>
          <spirit:addressOffset>44</spirit:addressOffset>
          <spirit:size spirit:format="long">32</spirit:size>
          <spirit:access>write-only</spirit:access>
          <spirit:reset>
            <spirit:value spirit:format="long">0</spirit:value>
          </spirit:reset>
          <spirit:field>
            <spirit:name>nsec</spirit:name>
            <spirit:description>Bit 31 to 0 of nsec</spirit:description>
            <spirit:bitOffset>0</spirit:bitOffset>
            <spirit:bitWidth spirit:format="long">32</spirit:bitWidth>
            <spirit:access>write-only</spirit:access>
            <spirit:writeValueConstraint>
              <spirit:minimum>0</spirit:minimum>
              <spirit:maximum>0</spirit:maximum>
            </spirit:writeValueConstraint>
            <spirit:testable spirit:testConstraint="unconstrained">false</spirit:testable>
          </spirit:field>
        </spirit:register>
        <spirit:register>
          <spirit:name>nsec_2</spirit:name>
          <spirit:displayName>nsec_2</spirit:displayName>
          <spirit:description>Data signal of nsec</spirit:description>
          <spirit:addressOffset>48</spirit:addressOffset>
          <spirit:size spirit:format="long">32</spirit:size>
          <spirit:access>write-only</spirit:access>
          <spirit:reset>
            <spirit:value spirit:format="long">0</spirit:value>
          </spirit:reset>
          <spirit:field>
            <spirit:name>nsec</spirit:name>
            <spirit:description>Bit 63 to 32 of nsec</spirit:description>
            <spirit:bitOffset>0</spirit:bitOffset>
            <spirit:bitWidth spirit:format="long">32</spirit:bitWidth>
            <spirit:access>write-only</spirit:access>
            <spirit:writeValueConstraint>
              <spirit:minimum>0</spirit:minimum>
              <spirit:maximum>0</spirit:maximum>
            </spirit:writeValueConstraint>
            <spirit:testable spirit:testConstraint="unconstrained">false</spirit:testable>
          </spirit:field>
        </spirit:register>
        <spirit:register>
          <spirit:name>nsec_3</spirit:name>
          <spirit:displayName>nsec_3</spirit:displayName>
          <spirit:description>Data signal of nsec</spirit:description>
          <spirit:addressOffset>52</spirit:addressOffset>
          <spirit:size spirit:format="long">32</spirit:size>
          <spirit:access>write-only</spirit:access>
          <spirit:reset>
            <spirit:value spirit:format="long">0</spirit:value>
          </spirit:reset>
          <spirit:field>
            <spirit:name>nsec</spirit:name>
            <spirit:description>Bit 95 to 64 of nsec</spirit:description>
            <spirit:bitOffset>0</spirit:bitOffset>
            <spirit:bitWidth spirit:format="long">32</spirit:bitWidth>
            <spirit:access>write-only</spirit:access>
            <spirit:writeValueConstraint>
              <spirit:minimum>0</spirit:minimum>
              <spirit:maximum>0</spirit:maximum>
            </spirit:writeValueConstraint>
            <spirit:testable spirit:testConstraint="unconstrained">false</spirit:testable>
          </spirit:field>
        </spirit:register>
        <spirit:register>
          <spirit:name>nsec_4</spirit:name>
          <spirit:displayName>nsec_4</spirit:displayName>
          <spirit:description>Data signal of nsec</spirit:description>
          <spirit:addressOffset>56</spirit:addressOffset>
          <spirit:size spirit:format="long">32</spirit:size>
          <spirit:access>write-only</spirit:access>
          <spirit:reset>
            <spirit:value spirit:format="long">0</spirit:value>
          </spirit:reset>
          <spirit:field>
            <spirit:name>nsec</spirit:name>
            <spirit:description>Bit 127 to 96 of nsec</spirit:description>
            <spirit:bitOffset>0</spirit:bitOffset>
            <spirit:bitWidth spirit:format="long">32</spirit:bitWidth>
            <spirit:access>write-only</spirit:access>
            <spirit:writeValueConstraint>
              <spirit:minimum>0</spirit:minimum>
              <spirit:maximum>0</spirit:maximum>
            </spirit:writeValueConstraint>
            <spirit:testable spirit:testConstraint="unconstrained">false</spirit:testable>
          </spirit:field>
        </spirit:register>
        <spirit:register>
          <spirit:name>c_1</spirit:name>
          <spirit:displayName>c_1</spirit:displayName>
          <spirit:description>Data signal of c</spirit:description>
          <spirit:addressOffset>64</spirit:addressOffset>
          <spirit:size spirit:format="long">32</spirit:size>
          <spirit:access>write-only</spirit:access>
          <spirit:reset>
            <spirit:value spirit:format="long">0</spirit:value>
          </spirit:reset>
          <spirit:field>
            <spirit:name>c</spirit:name>
            <spirit:description>Bit 31 to 0 of c</spirit:description>
            <spirit:bitOffset>0</spirit:bitOffset>
            <spirit:bitWidth spirit:format="long">32</spirit:bitWidth>
            <spirit:access>write-only</spirit:access>
            <spirit:writeValueConstraint>
              <spirit:minimum>0</spirit:minimum>
              <spirit:maximum>0</spirit:maximum>
            </spirit:writeValueConstraint>
            <spirit:testable spirit:testConstraint="unconstrained">false</spirit:testable>
          </spirit:field>
        </spirit:register>
        <spirit:register>
          <spirit:name>c_2</spirit:name>
          <spirit:displayName>c_2</spirit:displayName>
          <spirit:description>Data signal of c</spirit:description>
          <spirit:addressOffset>68</spirit:addressOffset>
          <spirit:size spirit:format="long">32</spirit:size>
          <spirit:access>write-only</spirit:access>
          <spirit:reset>
            <spirit:value spirit:format="long">0</spirit:value>
          </spirit:reset>
          <spirit:field>
            <spirit:name>c</spirit:name>
            <spirit:description>Bit 63 to 32 of c</spirit:description>
            <spirit:bitOffset>0</spirit:bitOffset>
            <spirit:bitWidth spirit:format="long">32</spirit:bitWidth>
            <spirit:access>write-only</spirit:access>
            <spirit:writeValueConstraint>
              <spirit:minimum>0</spirit:minimum>
              <spirit:maximum>0</spirit:maximum>
            </spirit:writeValueConstraint>
            <spirit:testable spirit:testConstraint="unconstrained">false</spirit:testable>
          </spirit:field>
        </spirit:register>
        <spirit:register>
          <spirit:name>c_3</spirit:name>
          <spirit:displayName>c_3</spirit:displayName>
          <spirit:description>Data signal of c</spirit:description>
          <spirit:addressOffset>72</spirit:addressOffset>
          <spirit:size spirit:format="long">32</spirit:size>
          <spirit:access>write-only</spirit:access>
          <spirit:reset>
            <spirit:value spirit:format="long">0</spirit:value>
          </spirit:reset>
          <spirit:field>
            <spirit:name>c</spirit:name>
            <spirit:description>Bit 95 to 64 of c</spirit:description>
            <spirit:bitOffset>0</spirit:bitOffset>
            <spirit:bitWidth spirit:format="long">32</spirit:bitWidth>
            <spirit:access>write-only</spirit:access>
            <spirit:writeValueConstraint>
              <spirit:minimum>0</spirit:minimum>
              <spirit:maximum>0</spirit:maximum>
            </spirit:writeValueConstraint>
            <spirit:testable spirit:testConstraint="unconstrained">false</spirit:testable>
          </spirit:field>
        </spirit:register>
        <spirit:register>
          <spirit:name>c_4</spirit:name>
          <spirit:displayName>c_4</spirit:displayName>
          <spirit:description>Data signal of c</spirit:description>
          <spirit:addressOffset>76</spirit:addressOffset>
          <spirit:size spirit:format="long">32</spirit:size>
          <spirit:access>write-only</spirit:access>
          <spirit:reset>
            <spirit:value spirit:format="long">0</spirit:value>
          </spirit:reset>
          <spirit:field>
            <spirit:name>c</spirit:name>
            <spirit:description>Bit 127 to 96 of c</spirit:description>
            <spirit:bitOffset>0</spirit:bitOffset>
            <spirit:bitWidth spirit:format="long">32</spirit:bitWidth>
            <spirit:access>write-only</spirit:access>
            <spirit:writeValueConstraint>
              <spirit:minimum>0</spirit:minimum>
              <spirit:maximum>0</spirit:maximum>
            </spirit:writeValueConstraint>
            <spirit:testable spirit:testConstraint="unconstrained">false</spirit:testable>
          </spirit:field>
        </spirit:register>
        <spirit:register>
          <spirit:name>c_5</spirit:name>
          <spirit:displayName>c_5</spirit:displayName>
          <spirit:description>Data signal of c</spirit:description>
          <spirit:addressOffset>80</spirit:addressOffset>
          <spirit:size spirit:format="long">32</spirit:size>
          <spirit:access>write-only</spirit:access>
          <spirit:reset>
            <spirit:value spirit:format="long">0</spirit:value>
          </spirit:reset>
          <spirit:field>
            <spirit:name>c</spirit:name>
            <spirit:description>Bit 159 to 128 of c</spirit:description>
            <spirit:bitOffset>0</spirit:bitOffset>
            <spirit:bitWidth spirit:format="long">32</spirit:bitWidth>
            <spirit:access>write-only</spirit:access>
            <spirit:writeValueConstraint>
              <spirit:minimum>0</spirit:minimum>
              <spirit:maximum>0</spirit:maximum>
            </spirit:writeValueConstraint>
            <spirit:testable spirit:testConstraint="unconstrained">false</spirit:testable>
          </spirit:field>
        </spirit:register>
        <spirit:register>
          <spirit:name>c_6</spirit:name>
          <spirit:displayName>c_6</spirit:displayName>
          <spirit:description>Data signal of c</spirit:description>
          <spirit:addressOffset>84</spirit:addressOffset>
          <spirit:size spirit:format="long">32</spirit:size>
          <spirit:access>write-only</spirit:access>
          <spirit:reset>
            <spirit:value spirit:format="long">0</spirit:value>
          </spirit:reset>
          <spirit:field>
            <spirit:name>c</spirit:name>
            <spirit:description>Bit 191 to 160 of c</spirit:description>
            <spirit:bitOffset>0</spirit:bitOffset>
            <spirit:bitWidth spirit:format="long">32</spirit:bitWidth>
            <spirit:access>write-only</spirit:access>
            <spirit:writeValueConstraint>
              <spirit:minimum>0</spirit:minimum>
              <spirit:maximum>0</spirit:maximum>
            </spirit:writeValueConstraint>
            <spirit:testable spirit:testConstraint="unconstrained">false</spirit:testable>
          </spirit:field>
        </spirit:register>
        <spirit:register>
          <spirit:name>c_7</spirit:name>
          <spirit:displayName>c_7</spirit:displayName>
          <spirit:description>Data signal of c</spirit:description>
          <spirit:addressOffset>88</spirit:addressOffset>
          <spirit:size spirit:format="long">32</spirit:size>
          <spirit:access>write-only</spirit:access>
          <spirit:reset>
            <spirit:value spirit:format="long">0</spirit:value>
          </spirit:reset>
          <spirit:field>
            <spirit:name>c</spirit:name>
            <spirit:description>Bit 223 to 192 of c</spirit:description>
            <spirit:bitOffset>0</spirit:bitOffset>
            <spirit:bitWidth spirit:format="long">32</spirit:bitWidth>
            <spirit:access>write-only</spirit:access>
            <spirit:writeValueConstraint>
              <spirit:minimum>0</spirit:minimum>
              <spirit:maximum>0</spirit:maximum>
            </spirit:writeValueConstraint>
            <spirit:testable spirit:testConstraint="unconstrained">false</spirit:testable>
          </spirit:field>
        </spirit:register>
        <spirit:register>
          <spirit:name>c_8</spirit:name>
          <spirit:displayName>c_8</spirit:displayName>
          <spirit:description>Data signal of c</spirit:description>
          <spirit:addressOffset>92</spirit:addressOffset>
          <spirit:size spirit:format="long">32</spirit:size>
          <spirit:access>write-only</spirit:access>
          <spirit:reset>
            <spirit:value spirit:format="long">0</spirit:value>
          </spirit:reset>
          <spirit:field>
            <spirit:name>c</spirit:name>
            <spirit:description>Bit 255 to 224 of c</spirit:description>
            <spirit:bitOffset>0</spirit:bitOffset>
            <spirit:bitWidth spirit:format="long">32</spirit:bitWidth>
            <spirit:access>write-only</spirit:access>
            <spirit:writeValueConstraint>
              <spirit:minimum>0</spirit:minimum>
              <spirit:maximum>0</spirit:maximum>
            </spirit:writeValueConstraint>
            <spirit:testable spirit:testConstraint="unconstrained">false</spirit:testable>
          </spirit:field>
        </spirit:register>
        <spirit:register>
          <spirit:name>ad_1</spirit:name>
          <spirit:displayName>ad_1</spirit:displayName>
          <spirit:description>Data signal of ad</spirit:description>
          <spirit:addressOffset>100</spirit:addressOffset>
          <spirit:size spirit:format="long">32</spirit:size>
          <spirit:access>write-only</spirit:access>
          <spirit:reset>
            <spirit:value spirit:format="long">0</spirit:value>
          </spirit:reset>
          <spirit:field>
            <spirit:name>ad</spirit:name>
            <spirit:description>Bit 31 to 0 of ad</spirit:description>
            <spirit:bitOffset>0</spirit:bitOffset>
            <spirit:bitWidth spirit:format="long">32</spirit:bitWidth>
            <spirit:access>write-only</spirit:access>
            <spirit:writeValueConstraint>
              <spirit:minimum>0</spirit:minimum>
              <spirit:maximum>0</spirit:maximum>
            </spirit:writeValueConstraint>
            <spirit:testable spirit:testConstraint="unconstrained">false</spirit:testable>
          </spirit:field>
        </spirit:register>
        <spirit:register>
          <spirit:name>ad_2</spirit:name>
          <spirit:displayName>ad_2</spirit:displayName>
          <spirit:description>Data signal of ad</spirit:description>
          <spirit:addressOffset>104</spirit:addressOffset>
          <spirit:size spirit:format="long">32</spirit:size>
          <spirit:access>write-only</spirit:access>
          <spirit:reset>
            <spirit:value spirit:format="long">0</spirit:value>
          </spirit:reset>
          <spirit:field>
            <spirit:name>ad</spirit:name>
            <spirit:description>Bit 63 to 32 of ad</spirit:description>
            <spirit:bitOffset>0</spirit:bitOffset>
            <spirit:bitWidth spirit:format="long">32</spirit:bitWidth>
            <spirit:access>write-only</spirit:access>
            <spirit:writeValueConstraint>
              <spirit:minimum>0</spirit:minimum>
              <spirit:maximum>0</spirit:maximum>
            </spirit:writeValueConstraint>
            <spirit:testable spirit:testConstraint="unconstrained">false</spirit:testable>
          </spirit:field>
        </spirit:register>
        <spirit:register>
          <spirit:name>ad_3</spirit:name>
          <spirit:displayName>ad_3</spirit:displayName>
          <spirit:description>Data signal of ad</spirit:description>
          <spirit:addressOffset>108</spirit:addressOffset>
          <spirit:size spirit:format="long">32</spirit:size>
          <spirit:access>write-only</spirit:access>
          <spirit:reset>
            <spirit:value spirit:format="long">0</spirit:value>
          </spirit:reset>
          <spirit:field>
            <spirit:name>ad</spirit:name>
            <spirit:description>Bit 95 to 64 of ad</spirit:description>
            <spirit:bitOffset>0</spirit:bitOffset>
            <spirit:bitWidth spirit:format="long">32</spirit:bitWidth>
            <spirit:access>write-only</spirit:access>
            <spirit:writeValueConstraint>
              <spirit:minimum>0</spirit:minimum>
              <spirit:maximum>0</spirit:maximum>
            </spirit:writeValueConstraint>
            <spirit:testable spirit:testConstraint="unconstrained">false</spirit:testable>
          </spirit:field>
        </spirit:register>
        <spirit:register>
          <spirit:name>ad_4</spirit:name>
          <spirit:displayName>ad_4</spirit:displayName>
          <spirit:description>Data signal of ad</spirit:description>
          <spirit:addressOffset>112</spirit:addressOffset>
          <spirit:size spirit:format="long">32</spirit:size>
          <spirit:access>write-only</spirit:access>
          <spirit:reset>
            <spirit:value spirit:format="long">0</spirit:value>
          </spirit:reset>
          <spirit:field>
            <spirit:name>ad</spirit:name>
            <spirit:description>Bit 127 to 96 of ad</spirit:description>
            <spirit:bitOffset>0</spirit:bitOffset>
            <spirit:bitWidth spirit:format="long">32</spirit:bitWidth>
            <spirit:access>write-only</spirit:access>
            <spirit:writeValueConstraint>
              <spirit:minimum>0</spirit:minimum>
              <spirit:maximum>0</spirit:maximum>
            </spirit:writeValueConstraint>
            <spirit:testable spirit:testConstraint="unconstrained">false</spirit:testable>
          </spirit:field>
        </spirit:register>
        <spirit:register>
          <spirit:name>npub_1</spirit:name>
          <spirit:displayName>npub_1</spirit:displayName>
          <spirit:description>Data signal of npub</spirit:description>
          <spirit:addressOffset>120</spirit:addressOffset>
          <spirit:size spirit:format="long">32</spirit:size>
          <spirit:access>write-only</spirit:access>
          <spirit:reset>
            <spirit:value spirit:format="long">0</spirit:value>
          </spirit:reset>
          <spirit:field>
            <spirit:name>npub</spirit:name>
            <spirit:description>Bit 31 to 0 of npub</spirit:description>
            <spirit:bitOffset>0</spirit:bitOffset>
            <spirit:bitWidth spirit:format="long">32</spirit:bitWidth>
            <spirit:access>write-only</spirit:access>
            <spirit:writeValueConstraint>
              <spirit:minimum>0</spirit:minimum>
              <spirit:maximum>0</spirit:maximum>
            </spirit:writeValueConstraint>
            <spirit:testable spirit:testConstraint="unconstrained">false</spirit:testable>
          </spirit:field>
        </spirit:register>
        <spirit:register>
          <spirit:name>npub_2</spirit:name>
          <spirit:displayName>npub_2</spirit:displayName>
          <spirit:description>Data signal of npub</spirit:description>
          <spirit:addressOffset>124</spirit:addressOffset>
          <spirit:size spirit:format="long">32</spirit:size>
          <spirit:access>write-only</spirit:access>
          <spirit:reset>
            <spirit:value spirit:format="long">0</spirit:value>
          </spirit:reset>
          <spirit:field>
            <spirit:name>npub</spirit:name>
            <spirit:description>Bit 63 to 32 of npub</spirit:description>
            <spirit:bitOffset>0</spirit:bitOffset>
            <spirit:bitWidth spirit:format="long">32</spirit:bitWidth>
            <spirit:access>write-only</spirit:access>
            <spirit:writeValueConstraint>
              <spirit:minimum>0</spirit:minimum>
              <spirit:maximum>0</spirit:maximum>
            </spirit:writeValueConstraint>
            <spirit:testable spirit:testConstraint="unconstrained">false</spirit:testable>
          </spirit:field>
        </spirit:register>
        <spirit:register>
          <spirit:name>npub_3</spirit:name>
          <spirit:displayName>npub_3</spirit:displayName>
          <spirit:description>Data signal of npub</spirit:description>
          <spirit:addressOffset>128</spirit:addressOffset>
          <spirit:size spirit:format="long">32</spirit:size>
          <spirit:access>write-only</spirit:access>
          <spirit:reset>
            <spirit:value spirit:format="long">0</spirit:value>
          </spirit:reset>
          <spirit:field>
            <spirit:name>npub</spirit:name>
            <spirit:description>Bit 95 to 64 of npub</spirit:description>
            <spirit:bitOffset>0</spirit:bitOffset>
            <spirit:bitWidth spirit:format="long">32</spirit:bitWidth>
            <spirit:access>write-only</spirit:access>
            <spirit:writeValueConstraint>
              <spirit:minimum>0</spirit:minimum>
              <spirit:maximum>0</spirit:maximum>
            </spirit:writeValueConstraint>
            <spirit:testable spirit:testConstraint="unconstrained">false</spirit:testable>
          </spirit:field>
        </spirit:register>
        <spirit:register>
          <spirit:name>npub_4</spirit:name>
          <spirit:displayName>npub_4</spirit:displayName>
          <spirit:description>Data signal of npub</spirit:description>
          <spirit:addressOffset>132</spirit:addressOffset>
          <spirit:size spirit:format="long">32</spirit:size>
          <spirit:access>write-only</spirit:access>
          <spirit:reset>
            <spirit:value spirit:format="long">0</spirit:value>
          </spirit:reset>
          <spirit:field>
            <spirit:name>npub</spirit:name>
            <spirit:description>Bit 127 to 96 of npub</spirit:description>
            <spirit:bitOffset>0</spirit:bitOffset>
            <spirit:bitWidth spirit:format="long">32</spirit:bitWidth>
            <spirit:access>write-only</spirit:access>
            <spirit:writeValueConstraint>
              <spirit:minimum>0</spirit:minimum>
              <spirit:maximum>0</spirit:maximum>
            </spirit:writeValueConstraint>
            <spirit:testable spirit:testConstraint="unconstrained">false</spirit:testable>
          </spirit:field>
        </spirit:register>
        <spirit:register>
          <spirit:name>k_1</spirit:name>
          <spirit:displayName>k_1</spirit:displayName>
          <spirit:description>Data signal of k</spirit:description>
          <spirit:addressOffset>140</spirit:addressOffset>
          <spirit:size spirit:format="long">32</spirit:size>
          <spirit:access>write-only</spirit:access>
          <spirit:reset>
            <spirit:value spirit:format="long">0</spirit:value>
          </spirit:reset>
          <spirit:field>
            <spirit:name>k</spirit:name>
            <spirit:description>Bit 31 to 0 of k</spirit:description>
            <spirit:bitOffset>0</spirit:bitOffset>
            <spirit:bitWidth spirit:format="long">32</spirit:bitWidth>
            <spirit:access>write-only</spirit:access>
            <spirit:writeValueConstraint>
              <spirit:minimum>0</spirit:minimum>
              <spirit:maximum>0</spirit:maximum>
            </spirit:writeValueConstraint>
            <spirit:testable spirit:testConstraint="unconstrained">false</spirit:testable>
          </spirit:field>
        </spirit:register>
        <spirit:register>
          <spirit:name>k_2</spirit:name>
          <spirit:displayName>k_2</spirit:displayName>
          <spirit:description>Data signal of k</spirit:description>
          <spirit:addressOffset>144</spirit:addressOffset>
          <spirit:size spirit:format="long">32</spirit:size>
          <spirit:access>write-only</spirit:access>
          <spirit:reset>
            <spirit:value spirit:format="long">0</spirit:value>
          </spirit:reset>
          <spirit:field>
            <spirit:name>k</spirit:name>
            <spirit:description>Bit 63 to 32 of k</spirit:description>
            <spirit:bitOffset>0</spirit:bitOffset>
            <spirit:bitWidth spirit:format="long">32</spirit:bitWidth>
            <spirit:access>write-only</spirit:access>
            <spirit:writeValueConstraint>
              <spirit:minimum>0</spirit:minimum>
              <spirit:maximum>0</spirit:maximum>
            </spirit:writeValueConstraint>
            <spirit:testable spirit:testConstraint="unconstrained">false</spirit:testable>
          </spirit:field>
        </spirit:register>
        <spirit:register>
          <spirit:name>k_3</spirit:name>
          <spirit:displayName>k_3</spirit:displayName>
          <spirit:description>Data signal of k</spirit:description>
          <spirit:addressOffset>148</spirit:addressOffset>
          <spirit:size spirit:format="long">32</spirit:size>
          <spirit:access>write-only</spirit:access>
          <spirit:reset>
            <spirit:value spirit:format="long">0</spirit:value>
          </spirit:reset>
          <spirit:field>
            <spirit:name>k</spirit:name>
            <spirit:description>Bit 95 to 64 of k</spirit:description>
            <spirit:bitOffset>0</spirit:bitOffset>
            <spirit:bitWidth spirit:format="long">32</spirit:bitWidth>
            <spirit:access>write-only</spirit:access>
            <spirit:writeValueConstraint>
              <spirit:minimum>0</spirit:minimum>
              <spirit:maximum>0</spirit:maximum>
            </spirit:writeValueConstraint>
            <spirit:testable spirit:testConstraint="unconstrained">false</spirit:testable>
          </spirit:field>
        </spirit:register>
        <spirit:register>
          <spirit:name>k_4</spirit:name>
          <spirit:displayName>k_4</spirit:displayName>
          <spirit:description>Data signal of k</spirit:description>
          <spirit:addressOffset>152</spirit:addressOffset>
          <spirit:size spirit:format="long">32</spirit:size>
          <spirit:access>write-only</spirit:access>
          <spirit:reset>
            <spirit:value spirit:format="long">0</spirit:value>
          </spirit:reset>
          <spirit:field>
            <spirit:name>k</spirit:name>
            <spirit:description>Bit 127 to 96 of k</spirit:description>
            <spirit:bitOffset>0</spirit:bitOffset>
            <spirit:bitWidth spirit:format="long">32</spirit:bitWidth>
            <spirit:access>write-only</spirit:access>
            <spirit:writeValueConstraint>
              <spirit:minimum>0</spirit:minimum>
              <spirit:maximum>0</spirit:maximum>
            </spirit:writeValueConstraint>
            <spirit:testable spirit:testConstraint="unconstrained">false</spirit:testable>
          </spirit:field>
        </spirit:register>
      </spirit:addressBlock>
    </spirit:memoryMap>
  </spirit:memoryMaps>
  <spirit:model>
    <spirit:views>
      <spirit:view>
        <spirit:name>xilinx_verilogsynthesis</spirit:name>
        <spirit:displayName>Verilog Synthesis</spirit:displayName>
        <spirit:envIdentifier>verilogSource:vivado.xilinx.com:synthesis</spirit:envIdentifier>
        <spirit:language>verilog</spirit:language>
        <spirit:modelName>axi_decrypt</spirit:modelName>
        <spirit:fileSetRef>
          <spirit:localName>xilinx_verilogsynthesis_view_fileset</spirit:localName>
        </spirit:fileSetRef>
        <spirit:parameters>
          <spirit:parameter>
            <spirit:name>viewChecksum</spirit:name>
            <spirit:value>7460c3c3</spirit:value>
          </spirit:parameter>
        </spirit:parameters>
      </spirit:view>
      <spirit:view>
        <spirit:name>xilinx_verilogbehavioralsimulation</spirit:name>
        <spirit:displayName>Verilog Simulation</spirit:displayName>
        <spirit:envIdentifier>verilogSource:vivado.xilinx.com:simulation</spirit:envIdentifier>
        <spirit:language>verilog</spirit:language>
        <spirit:modelName>axi_decrypt</spirit:modelName>
        <spirit:fileSetRef>
          <spirit:localName>xilinx_verilogbehavioralsimulation_view_fileset</spirit:localName>
        </spirit:fileSetRef>
        <spirit:parameters>
          <spirit:parameter>
            <spirit:name>viewChecksum</spirit:name>
            <spirit:value>80621026</spirit:value>
          </spirit:parameter>
        </spirit:parameters>
      </spirit:view>
      <spirit:view>
        <spirit:name>xilinx_vhdlsynthesis</spirit:name>
        <spirit:displayName>VHDL Synthesis</spirit:displayName>
        <spirit:envIdentifier>vhdlSource:vivado.xilinx.com:synthesis</spirit:envIdentifier>
        <spirit:language>vhdl</spirit:language>
        <spirit:modelName>axi_decrypt</spirit:modelName>
        <spirit:fileSetRef>
          <spirit:localName>xilinx_vhdlsynthesis_view_fileset</spirit:localName>
        </spirit:fileSetRef>
        <spirit:parameters>
          <spirit:parameter>
            <spirit:name>viewChecksum</spirit:name>
            <spirit:value>a71ad6de</spirit:value>
          </spirit:parameter>
        </spirit:parameters>
      </spirit:view>
      <spirit:view>
        <spirit:name>xilinx_vhdlbehavioralsimulation</spirit:name>
        <spirit:displayName>VHDL Simulation</spirit:displayName>
        <spirit:envIdentifier>vhdlSource:vivado.xilinx.com:simulation</spirit:envIdentifier>
        <spirit:language>vhdl</spirit:language>
        <spirit:modelName>axi_decrypt</spirit:modelName>
        <spirit:fileSetRef>
          <spirit:localName>xilinx_vhdlbehavioralsimulation_view_fileset</spirit:localName>
        </spirit:fileSetRef>
        <spirit:parameters>
          <spirit:parameter>
            <spirit:name>viewChecksum</spirit:name>
            <spirit:value>69941867</spirit:value>
          </spirit:parameter>
        </spirit:parameters>
      </spirit:view>
      <spirit:view>
        <spirit:name>xilinx_softwaredriver</spirit:name>
        <spirit:displayName>Software Driver</spirit:displayName>
        <spirit:envIdentifier>:vivado.xilinx.com:sw.driver</spirit:envIdentifier>
        <spirit:fileSetRef>
          <spirit:localName>xilinx_softwaredriver_view_fileset</spirit:localName>
        </spirit:fileSetRef>
        <spirit:parameters>
          <spirit:parameter>
            <spirit:name>viewChecksum</spirit:name>
            <spirit:value>7e24a347</spirit:value>
          </spirit:parameter>
        </spirit:parameters>
      </spirit:view>
      <spirit:view>
        <spirit:name>xilinx_documentation</spirit:name>
        <spirit:displayName>Documentation</spirit:displayName>
        <spirit:envIdentifier>:vivado.xilinx.com:docs.all</spirit:envIdentifier>
        <spirit:fileSetRef>
          <spirit:localName>xilinx_documentation_view_fileset</spirit:localName>
        </spirit:fileSetRef>
      </spirit:view>
      <spirit:view>
        <spirit:name>xilinx_miscfiles</spirit:name>
        <spirit:displayName>Miscellaneous</spirit:displayName>
        <spirit:envIdentifier>:vivado.xilinx.com:misc.files</spirit:envIdentifier>
        <spirit:fileSetRef>
          <spirit:localName>xilinx_miscfiles_view_fileset</spirit:localName>
        </spirit:fileSetRef>
        <spirit:parameters>
          <spirit:parameter>
            <spirit:name>viewChecksum</spirit:name>
            <spirit:value>34797a57</spirit:value>
          </spirit:parameter>
        </spirit:parameters>
      </spirit:view>
      <spirit:view>
        <spirit:name>xilinx_xpgui</spirit:name>
        <spirit:displayName>UI Layout</spirit:displayName>
        <spirit:envIdentifier>:vivado.xilinx.com:xgui.ui</spirit:envIdentifier>
        <spirit:fileSetRef>
          <spirit:localName>xilinx_xpgui_view_fileset</spirit:localName>
        </spirit:fileSetRef>
        <spirit:parameters>
          <spirit:parameter>
            <spirit:name>viewChecksum</spirit:name>
            <spirit:value>c02de1de</spirit:value>
          </spirit:parameter>
        </spirit:parameters>
      </spirit:view>
      <spirit:view>
        <spirit:name>xilinx_utilityxitfiles</spirit:name>
        <spirit:displayName>Utility XIT/TTCL</spirit:displayName>
        <spirit:envIdentifier>:vivado.xilinx.com:xit.util</spirit:envIdentifier>
        <spirit:fileSetRef>
          <spirit:localName>xilinx_utilityxitfiles_view_fileset</spirit:localName>
        </spirit:fileSetRef>
        <spirit:parameters>
          <spirit:parameter>
            <spirit:name>viewChecksum</spirit:name>
            <spirit:value>34797a57</spirit:value>
          </spirit:parameter>
        </spirit:parameters>
      </spirit:view>
    </spirit:views>
    <spirit:ports>
      <spirit:port>
        <spirit:name>s_axi_control_AWADDR</spirit:name>
        <spirit:wire>
          <spirit:direction>in</spirit:direction>
          <spirit:vector>
            <spirit:left spirit:format="long" spirit:resolve="dependent" spirit:dependency="(spirit:decode(id(&apos;MODELPARAM_VALUE.C_S_AXI_CONTROL_ADDR_WIDTH&apos;)) - 1)">7</spirit:left>
            <spirit:right spirit:format="long">0</spirit:right>
          </spirit:vector>
          <spirit:wireTypeDefs>
            <spirit:wireTypeDef>
              <spirit:typeName>std_logic_vector</spirit:typeName>
              <spirit:viewNameRef>xilinx_verilogsynthesis</spirit:viewNameRef>
              <spirit:viewNameRef>xilinx_verilogbehavioralsimulation</spirit:viewNameRef>
            </spirit:wireTypeDef>
          </spirit:wireTypeDefs>
        </spirit:wire>
      </spirit:port>
      <spirit:port>
        <spirit:name>s_axi_control_AWVALID</spirit:name>
        <spirit:wire>
          <spirit:direction>in</spirit:direction>
          <spirit:wireTypeDefs>
            <spirit:wireTypeDef>
              <spirit:typeName>std_logic</spirit:typeName>
              <spirit:viewNameRef>xilinx_verilogsynthesis</spirit:viewNameRef>
              <spirit:viewNameRef>xilinx_verilogbehavioralsimulation</spirit:viewNameRef>
            </spirit:wireTypeDef>
          </spirit:wireTypeDefs>
        </spirit:wire>
      </spirit:port>
      <spirit:port>
        <spirit:name>s_axi_control_AWREADY</spirit:name>
        <spirit:wire>
          <spirit:direction>out</spirit:direction>
          <spirit:wireTypeDefs>
            <spirit:wireTypeDef>
              <spirit:typeName>std_logic</spirit:typeName>
              <spirit:viewNameRef>xilinx_verilogsynthesis</spirit:viewNameRef>
              <spirit:viewNameRef>xilinx_verilogbehavioralsimulation</spirit:viewNameRef>
            </spirit:wireTypeDef>
          </spirit:wireTypeDefs>
        </spirit:wire>
      </spirit:port>
      <spirit:port>
        <spirit:name>s_axi_control_WDATA</spirit:name>
        <spirit:wire>
          <spirit:direction>in</spirit:direction>
          <spirit:vector>
            <spirit:left spirit:format="long" spirit:resolve="dependent" spirit:dependency="(spirit:decode(id(&apos;MODELPARAM_VALUE.C_S_AXI_CONTROL_DATA_WIDTH&apos;)) - 1)">31</spirit:left>
            <spirit:right spirit:format="long">0</spirit:right>
          </spirit:vector>
          <spirit:wireTypeDefs>
            <spirit:wireTypeDef>
              <spirit:typeName>std_logic_vector</spirit:typeName>
              <spirit:viewNameRef>xilinx_verilogsynthesis</spirit:viewNameRef>
              <spirit:viewNameRef>xilinx_verilogbehavioralsimulation</spirit:viewNameRef>
            </spirit:wireTypeDef>
          </spirit:wireTypeDefs>
        </spirit:wire>
      </spirit:port>
      <spirit:port>
        <spirit:name>s_axi_control_WSTRB</spirit:name>
        <spirit:wire>
          <spirit:direction>in</spirit:direction>
          <spirit:vector>
            <spirit:left spirit:format="long" spirit:resolve="dependent" spirit:dependency="((spirit:decode(id(&apos;MODELPARAM_VALUE.C_S_AXI_CONTROL_DATA_WIDTH&apos;)) div 8) - 1)">3</spirit:left>
            <spirit:right spirit:format="long">0</spirit:right>
          </spirit:vector>
          <spirit:wireTypeDefs>
            <spirit:wireTypeDef>
              <spirit:typeName>std_logic_vector</spirit:typeName>
              <spirit:viewNameRef>xilinx_verilogsynthesis</spirit:viewNameRef>
              <spirit:viewNameRef>xilinx_verilogbehavioralsimulation</spirit:viewNameRef>
            </spirit:wireTypeDef>
          </spirit:wireTypeDefs>
        </spirit:wire>
      </spirit:port>
      <spirit:port>
        <spirit:name>s_axi_control_WVALID</spirit:name>
        <spirit:wire>
          <spirit:direction>in</spirit:direction>
          <spirit:wireTypeDefs>
            <spirit:wireTypeDef>
              <spirit:typeName>std_logic</spirit:typeName>
              <spirit:viewNameRef>xilinx_verilogsynthesis</spirit:viewNameRef>
              <spirit:viewNameRef>xilinx_verilogbehavioralsimulation</spirit:viewNameRef>
            </spirit:wireTypeDef>
          </spirit:wireTypeDefs>
        </spirit:wire>
      </spirit:port>
      <spirit:port>
        <spirit:name>s_axi_control_WREADY</spirit:name>
        <spirit:wire>
          <spirit:direction>out</spirit:direction>
          <spirit:wireTypeDefs>
            <spirit:wireTypeDef>
              <spirit:typeName>std_logic</spirit:typeName>
              <spirit:viewNameRef>xilinx_verilogsynthesis</spirit:viewNameRef>
              <spirit:viewNameRef>xilinx_verilogbehavioralsimulation</spirit:viewNameRef>
            </spirit:wireTypeDef>
          </spirit:wireTypeDefs>
        </spirit:wire>
      </spirit:port>
      <spirit:port>
        <spirit:name>s_axi_control_BRESP</spirit:name>
        <spirit:wire>
          <spirit:direction>out</spirit:direction>
          <spirit:vector>
            <spirit:left spirit:format="long">1</spirit:left>
            <spirit:right spirit:format="long">0</spirit:right>
          </spirit:vector>
          <spirit:wireTypeDefs>
            <spirit:wireTypeDef>
              <spirit:typeName>std_logic_vector</spirit:typeName>
              <spirit:viewNameRef>xilinx_verilogsynthesis</spirit:viewNameRef>
              <spirit:viewNameRef>xilinx_verilogbehavioralsimulation</spirit:viewNameRef>
            </spirit:wireTypeDef>
          </spirit:wireTypeDefs>
        </spirit:wire>
      </spirit:port>
      <spirit:port>
        <spirit:name>s_axi_control_BVALID</spirit:name>
        <spirit:wire>
          <spirit:direction>out</spirit:direction>
          <spirit:wireTypeDefs>
            <spirit:wireTypeDef>
              <spirit:typeName>std_logic</spirit:typeName>
              <spirit:viewNameRef>xilinx_verilogsynthesis</spirit:viewNameRef>
              <spirit:viewNameRef>xilinx_verilogbehavioralsimulation</spirit:viewNameRef>
            </spirit:wireTypeDef>
          </spirit:wireTypeDefs>
        </spirit:wire>
      </spirit:port>
      <spirit:port>
        <spirit:name>s_axi_control_BREADY</spirit:name>
        <spirit:wire>
          <spirit:direction>in</spirit:direction>
          <spirit:wireTypeDefs>
            <spirit:wireTypeDef>
              <spirit:typeName>std_logic</spirit:typeName>
              <spirit:viewNameRef>xilinx_verilogsynthesis</spirit:viewNameRef>
              <spirit:viewNameRef>xilinx_verilogbehavioralsimulation</spirit:viewNameRef>
            </spirit:wireTypeDef>
          </spirit:wireTypeDefs>
        </spirit:wire>
      </spirit:port>
      <spirit:port>
        <spirit:name>s_axi_control_ARADDR</spirit:name>
        <spirit:wire>
          <spirit:direction>in</spirit:direction>
          <spirit:vector>
            <spirit:left spirit:format="long" spirit:resolve="dependent" spirit:dependency="(spirit:decode(id(&apos;MODELPARAM_VALUE.C_S_AXI_CONTROL_ADDR_WIDTH&apos;)) - 1)">7</spirit:left>
            <spirit:right spirit:format="long">0</spirit:right>
          </spirit:vector>
          <spirit:wireTypeDefs>
            <spirit:wireTypeDef>
              <spirit:typeName>std_logic_vector</spirit:typeName>
              <spirit:viewNameRef>xilinx_verilogsynthesis</spirit:viewNameRef>
              <spirit:viewNameRef>xilinx_verilogbehavioralsimulation</spirit:viewNameRef>
            </spirit:wireTypeDef>
          </spirit:wireTypeDefs>
        </spirit:wire>
      </spirit:port>
      <spirit:port>
        <spirit:name>s_axi_control_ARVALID</spirit:name>
        <spirit:wire>
          <spirit:direction>in</spirit:direction>
          <spirit:wireTypeDefs>
            <spirit:wireTypeDef>
              <spirit:typeName>std_logic</spirit:typeName>
              <spirit:viewNameRef>xilinx_verilogsynthesis</spirit:viewNameRef>
              <spirit:viewNameRef>xilinx_verilogbehavioralsimulation</spirit:viewNameRef>
            </spirit:wireTypeDef>
          </spirit:wireTypeDefs>
        </spirit:wire>
      </spirit:port>
      <spirit:port>
        <spirit:name>s_axi_control_ARREADY</spirit:name>
        <spirit:wire>
          <spirit:direction>out</spirit:direction>
          <spirit:wireTypeDefs>
            <spirit:wireTypeDef>
              <spirit:typeName>std_logic</spirit:typeName>
              <spirit:viewNameRef>xilinx_verilogsynthesis</spirit:viewNameRef>
              <spirit:viewNameRef>xilinx_verilogbehavioralsimulation</spirit:viewNameRef>
            </spirit:wireTypeDef>
          </spirit:wireTypeDefs>
        </spirit:wire>
      </spirit:port>
      <spirit:port>
        <spirit:name>s_axi_control_RDATA</spirit:name>
        <spirit:wire>
          <spirit:direction>out</spirit:direction>
          <spirit:vector>
            <spirit:left spirit:format="long" spirit:resolve="dependent" spirit:dependency="(spirit:decode(id(&apos;MODELPARAM_VALUE.C_S_AXI_CONTROL_DATA_WIDTH&apos;)) - 1)">31</spirit:left>
            <spirit:right spirit:format="long">0</spirit:right>
          </spirit:vector>
          <spirit:wireTypeDefs>
            <spirit:wireTypeDef>
              <spirit:typeName>std_logic_vector</spirit:typeName>
              <spirit:viewNameRef>xilinx_verilogsynthesis</spirit:viewNameRef>
              <spirit:viewNameRef>xilinx_verilogbehavioralsimulation</spirit:viewNameRef>
            </spirit:wireTypeDef>
          </spirit:wireTypeDefs>
        </spirit:wire>
      </spirit:port>
      <spirit:port>
        <spirit:name>s_axi_control_RRESP</spirit:name>
        <spirit:wire>
          <spirit:direction>out</spirit:direction>
          <spirit:vector>
            <spirit:left spirit:format="long">1</spirit:left>
            <spirit:right spirit:format="long">0</spirit:right>
          </spirit:vector>
          <spirit:wireTypeDefs>
            <spirit:wireTypeDef>
              <spirit:typeName>std_logic_vector</spirit:typeName>
              <spirit:viewNameRef>xilinx_verilogsynthesis</spirit:viewNameRef>
              <spirit:viewNameRef>xilinx_verilogbehavioralsimulation</spirit:viewNameRef>
            </spirit:wireTypeDef>
          </spirit:wireTypeDefs>
        </spirit:wire>
      </spirit:port>
      <spirit:port>
        <spirit:name>s_axi_control_RVALID</spirit:name>
        <spirit:wire>
          <spirit:direction>out</spirit:direction>
          <spirit:wireTypeDefs>
            <spirit:wireTypeDef>
              <spirit:typeName>std_logic</spirit:typeName>
              <spirit:viewNameRef>xilinx_verilogsynthesis</spirit:viewNameRef>
              <spirit:viewNameRef>xilinx_verilogbehavioralsimulation</spirit:viewNameRef>
            </spirit:wireTypeDef>
          </spirit:wireTypeDefs>
        </spirit:wire>
      </spirit:port>
      <spirit:port>
        <spirit:name>s_axi_control_RREADY</spirit:name>
        <spirit:wire>
          <spirit:direction>in</spirit:direction>
          <spirit:wireTypeDefs>
            <spirit:wireTypeDef>
              <spirit:typeName>std_logic</spirit:typeName>
              <spirit:viewNameRef>xilinx_verilogsynthesis</spirit:viewNameRef>
              <spirit:viewNameRef>xilinx_verilogbehavioralsimulation</spirit:viewNameRef>
            </spirit:wireTypeDef>
          </spirit:wireTypeDefs>
        </spirit:wire>
      </spirit:port>
      <spirit:port>
        <spirit:name>ap_clk</spirit:name>
        <spirit:wire>
          <spirit:direction>in</spirit:direction>
          <spirit:wireTypeDefs>
            <spirit:wireTypeDef>
              <spirit:typeName>std_logic</spirit:typeName>
              <spirit:viewNameRef>xilinx_verilogsynthesis</spirit:viewNameRef>
              <spirit:viewNameRef>xilinx_verilogbehavioralsimulation</spirit:viewNameRef>
            </spirit:wireTypeDef>
          </spirit:wireTypeDefs>
        </spirit:wire>
      </spirit:port>
      <spirit:port>
        <spirit:name>ap_rst_n</spirit:name>
        <spirit:wire>
          <spirit:direction>in</spirit:direction>
          <spirit:wireTypeDefs>
            <spirit:wireTypeDef>
              <spirit:typeName>std_logic</spirit:typeName>
              <spirit:viewNameRef>xilinx_verilogsynthesis</spirit:viewNameRef>
              <spirit:viewNameRef>xilinx_verilogbehavioralsimulation</spirit:viewNameRef>
            </spirit:wireTypeDef>
          </spirit:wireTypeDefs>
        </spirit:wire>
      </spirit:port>
      <spirit:port>
        <spirit:name>interrupt</spirit:name>
        <spirit:wire>
          <spirit:direction>out</spirit:direction>
          <spirit:wireTypeDefs>
            <spirit:wireTypeDef>
              <spirit:typeName>std_logic</spirit:typeName>
              <spirit:viewNameRef>xilinx_verilogsynthesis</spirit:viewNameRef>
              <spirit:viewNameRef>xilinx_verilogbehavioralsimulation</spirit:viewNameRef>
            </spirit:wireTypeDef>
          </spirit:wireTypeDefs>
        </spirit:wire>
      </spirit:port>
    </spirit:ports>
    <spirit:modelParameters>
      <spirit:modelParameter xsi:type="spirit:nameValueTypeType" spirit:dataType="integer">
        <spirit:name>C_S_AXI_CONTROL_ADDR_WIDTH</spirit:name>
        <spirit:value spirit:format="long" spirit:resolve="generated" spirit:id="MODELPARAM_VALUE.C_S_AXI_CONTROL_ADDR_WIDTH">8</spirit:value>
      </spirit:modelParameter>
      <spirit:modelParameter spirit:dataType="integer">
        <spirit:name>C_S_AXI_CONTROL_DATA_WIDTH</spirit:name>
        <spirit:value spirit:format="long" spirit:id="MODELPARAM_VALUE.C_S_AXI_CONTROL_DATA_WIDTH">32</spirit:value>
      </spirit:modelParameter>
    </spirit:modelParameters>
  </spirit:model>
  <spirit:fileSets>
    <spirit:fileSet>
      <spirit:name>xilinx_verilogsynthesis_view_fileset</spirit:name>
      <spirit:file>
        <spirit:name>constraints/axi_decrypt_ooc.xdc</spirit:name>
        <spirit:userFileType>xdc</spirit:userFileType>
        <spirit:userFileType>USED_IN_out_of_context</spirit:userFileType>
      </spirit:file>
      <spirit:file>
        <spirit:name>hdl/verilog/axi_decrypt_c_u8_RAM_AUTO_1R1W.v</spirit:name>
        <spirit:fileType>verilogSource</spirit:fileType>
      </spirit:file>
      <spirit:file>
        <spirit:name>hdl/verilog/axi_decrypt_control_s_axi.v</spirit:name>
        <spirit:fileType>verilogSource</spirit:fileType>
      </spirit:file>
      <spirit:file>
        <spirit:name>hdl/verilog/axi_decrypt_crypto_aead_decrypt.v</spirit:name>
        <spirit:fileType>verilogSource</spirit:fileType>
      </spirit:file>
      <spirit:file>
        <spirit:name>hdl/verilog/axi_decrypt_crypto_aead_decrypt_Pipeline_VITIS_LOOP_22_1.v</spirit:name>
        <spirit:fileType>verilogSource</spirit:fileType>
      </spirit:file>
      <spirit:file>
        <spirit:name>hdl/verilog/axi_decrypt_crypto_aead_decrypt_Pipeline_VITIS_LOOP_22_11.v</spirit:name>
        <spirit:fileType>verilogSource</spirit:fileType>
      </spirit:file>
      <spirit:file>
        <spirit:name>hdl/verilog/axi_decrypt_crypto_aead_decrypt_Pipeline_VITIS_LOOP_22_12.v</spirit:name>
        <spirit:fileType>verilogSource</spirit:fileType>
      </spirit:file>
      <spirit:file>
        <spirit:name>hdl/verilog/axi_decrypt_crypto_aead_decrypt_Pipeline_VITIS_LOOP_22_13.v</spirit:name>
        <spirit:fileType>verilogSource</spirit:fileType>
      </spirit:file>
      <spirit:file>
        <spirit:name>hdl/verilog/axi_decrypt_crypto_aead_decrypt_Pipeline_VITIS_LOOP_32_1.v</spirit:name>
        <spirit:fileType>verilogSource</spirit:fileType>
      </spirit:file>
      <spirit:file>
        <spirit:name>hdl/verilog/axi_decrypt_crypto_aead_decrypt_Pipeline_VITIS_LOOP_70_1.v</spirit:name>
        <spirit:fileType>verilogSource</spirit:fileType>
      </spirit:file>
      <spirit:file>
        <spirit:name>hdl/verilog/axi_decrypt_flow_control_loop_pipe_sequential_init.v</spirit:name>
        <spirit:fileType>verilogSource</spirit:fileType>
      </spirit:file>
      <spirit:file>
        <spirit:name>hdl/verilog/axi_decrypt_ROUND_7.v</spirit:name>
        <spirit:fileType>verilogSource</spirit:fileType>
      </spirit:file>
      <spirit:file>
        <spirit:name>hdl/verilog/axi_decrypt_sparsemux_17_3_8_1_1.v</spirit:name>
        <spirit:fileType>verilogSource</spirit:fileType>
      </spirit:file>
      <spirit:file>
        <spirit:name>hdl/verilog/axi_decrypt_sparsemux_19_4_8_1_1.v</spirit:name>
        <spirit:fileType>verilogSource</spirit:fileType>
      </spirit:file>
      <spirit:file>
        <spirit:name>hdl/verilog/axi_decrypt_u64_to_u8_array.v</spirit:name>
        <spirit:fileType>verilogSource</spirit:fileType>
      </spirit:file>
      <spirit:file>
        <spirit:name>hdl/verilog/axi_decrypt_u64_to_u8_array_clone.v</spirit:name>
        <spirit:fileType>verilogSource</spirit:fileType>
      </spirit:file>
      <spirit:file>
        <spirit:name>hdl/verilog/axi_decrypt.v</spirit:name>
        <spirit:fileType>verilogSource</spirit:fileType>
      </spirit:file>
    </spirit:fileSet>
    <spirit:fileSet>
      <spirit:name>xilinx_verilogbehavioralsimulation_view_fileset</spirit:name>
      <spirit:file>
        <spirit:name>hdl/verilog/axi_decrypt_c_u8_RAM_AUTO_1R1W.v</spirit:name>
        <spirit:fileType>verilogSource</spirit:fileType>
        <spirit:userFileType>USED_IN_ipstatic</spirit:userFileType>
      </spirit:file>
      <spirit:file>
        <spirit:name>hdl/verilog/axi_decrypt_control_s_axi.v</spirit:name>
        <spirit:fileType>verilogSource</spirit:fileType>
        <spirit:userFileType>USED_IN_ipstatic</spirit:userFileType>
      </spirit:file>
      <spirit:file>
        <spirit:name>hdl/verilog/axi_decrypt_crypto_aead_decrypt.v</spirit:name>
        <spirit:fileType>verilogSource</spirit:fileType>
        <spirit:userFileType>USED_IN_ipstatic</spirit:userFileType>
      </spirit:file>
      <spirit:file>
        <spirit:name>hdl/verilog/axi_decrypt_crypto_aead_decrypt_Pipeline_VITIS_LOOP_22_1.v</spirit:name>
        <spirit:fileType>verilogSource</spirit:fileType>
        <spirit:userFileType>USED_IN_ipstatic</spirit:userFileType>
      </spirit:file>
      <spirit:file>
        <spirit:name>hdl/verilog/axi_decrypt_crypto_aead_decrypt_Pipeline_VITIS_LOOP_22_11.v</spirit:name>
        <spirit:fileType>verilogSource</spirit:fileType>
        <spirit:userFileType>USED_IN_ipstatic</spirit:userFileType>
      </spirit:file>
      <spirit:file>
        <spirit:name>hdl/verilog/axi_decrypt_crypto_aead_decrypt_Pipeline_VITIS_LOOP_22_12.v</spirit:name>
        <spirit:fileType>verilogSource</spirit:fileType>
        <spirit:userFileType>USED_IN_ipstatic</spirit:userFileType>
      </spirit:file>
      <spirit:file>
        <spirit:name>hdl/verilog/axi_decrypt_crypto_aead_decrypt_Pipeline_VITIS_LOOP_22_13.v</spirit:name>
        <spirit:fileType>verilogSource</spirit:fileType>
        <spirit:userFileType>USED_IN_ipstatic</spirit:userFileType>
      </spirit:file>
      <spirit:file>
        <spirit:name>hdl/verilog/axi_decrypt_crypto_aead_decrypt_Pipeline_VITIS_LOOP_32_1.v</spirit:name>
        <spirit:fileType>verilogSource</spirit:fileType>
        <spirit:userFileType>USED_IN_ipstatic</spirit:userFileType>
      </spirit:file>
      <spirit:file>
        <spirit:name>hdl/verilog/axi_decrypt_crypto_aead_decrypt_Pipeline_VITIS_LOOP_70_1.v</spirit:name>
        <spirit:fileType>verilogSource</spirit:fileType>
        <spirit:userFileType>USED_IN_ipstatic</spirit:userFileType>
      </spirit:file>
      <spirit:file>
        <spirit:name>hdl/verilog/axi_decrypt_flow_control_loop_pipe_sequential_init.v</spirit:name>
        <spirit:fileType>verilogSource</spirit:fileType>
        <spirit:userFileType>USED_IN_ipstatic</spirit:userFileType>
      </spirit:file>
      <spirit:file>
        <spirit:name>hdl/verilog/axi_decrypt_ROUND_7.v</spirit:name>
        <spirit:fileType>verilogSource</spirit:fileType>
        <spirit:userFileType>USED_IN_ipstatic</spirit:userFileType>
      </spirit:file>
      <spirit:file>
        <spirit:name>hdl/verilog/axi_decrypt_sparsemux_17_3_8_1_1.v</spirit:name>
        <spirit:fileType>verilogSource</spirit:fileType>
        <spirit:userFileType>USED_IN_ipstatic</spirit:userFileType>
      </spirit:file>
      <spirit:file>
        <spirit:name>hdl/verilog/axi_decrypt_sparsemux_19_4_8_1_1.v</spirit:name>
        <spirit:fileType>verilogSource</spirit:fileType>
        <spirit:userFileType>USED_IN_ipstatic</spirit:userFileType>
      </spirit:file>
      <spirit:file>
        <spirit:name>hdl/verilog/axi_decrypt_u64_to_u8_array.v</spirit:name>
        <spirit:fileType>verilogSource</spirit:fileType>
        <spirit:userFileType>USED_IN_ipstatic</spirit:userFileType>
      </spirit:file>
      <spirit:file>
        <spirit:name>hdl/verilog/axi_decrypt_u64_to_u8_array_clone.v</spirit:name>
        <spirit:fileType>verilogSource</spirit:fileType>
        <spirit:userFileType>USED_IN_ipstatic</spirit:userFileType>
      </spirit:file>
      <spirit:file>
        <spirit:name>hdl/verilog/axi_decrypt.v</spirit:name>
        <spirit:fileType>verilogSource</spirit:fileType>
        <spirit:userFileType>USED_IN_ipstatic</spirit:userFileType>
      </spirit:file>
    </spirit:fileSet>
    <spirit:fileSet>
      <spirit:name>xilinx_vhdlsynthesis_view_fileset</spirit:name>
      <spirit:file>
        <spirit:name>constraints/axi_decrypt_ooc.xdc</spirit:name>
        <spirit:userFileType>xdc</spirit:userFileType>
        <spirit:userFileType>USED_IN_out_of_context</spirit:userFileType>
      </spirit:file>
      <spirit:file>
        <spirit:name>hdl/vhdl/axi_decrypt_c_u8_RAM_AUTO_1R1W.vhd</spirit:name>
        <spirit:fileType>vhdlSource</spirit:fileType>
      </spirit:file>
      <spirit:file>
        <spirit:name>hdl/vhdl/axi_decrypt_control_s_axi.vhd</spirit:name>
        <spirit:fileType>vhdlSource</spirit:fileType>
      </spirit:file>
      <spirit:file>
        <spirit:name>hdl/vhdl/axi_decrypt_crypto_aead_decrypt.vhd</spirit:name>
        <spirit:fileType>vhdlSource</spirit:fileType>
      </spirit:file>
      <spirit:file>
        <spirit:name>hdl/vhdl/axi_decrypt_crypto_aead_decrypt_Pipeline_VITIS_LOOP_22_1.vhd</spirit:name>
        <spirit:fileType>vhdlSource</spirit:fileType>
      </spirit:file>
      <spirit:file>
        <spirit:name>hdl/vhdl/axi_decrypt_crypto_aead_decrypt_Pipeline_VITIS_LOOP_22_11.vhd</spirit:name>
        <spirit:fileType>vhdlSource</spirit:fileType>
      </spirit:file>
      <spirit:file>
        <spirit:name>hdl/vhdl/axi_decrypt_crypto_aead_decrypt_Pipeline_VITIS_LOOP_22_12.vhd</spirit:name>
        <spirit:fileType>vhdlSource</spirit:fileType>
      </spirit:file>
      <spirit:file>
        <spirit:name>hdl/vhdl/axi_decrypt_crypto_aead_decrypt_Pipeline_VITIS_LOOP_22_13.vhd</spirit:name>
        <spirit:fileType>vhdlSource</spirit:fileType>
      </spirit:file>
      <spirit:file>
        <spirit:name>hdl/vhdl/axi_decrypt_crypto_aead_decrypt_Pipeline_VITIS_LOOP_32_1.vhd</spirit:name>
        <spirit:fileType>vhdlSource</spirit:fileType>
      </spirit:file>
      <spirit:file>
        <spirit:name>hdl/vhdl/axi_decrypt_crypto_aead_decrypt_Pipeline_VITIS_LOOP_70_1.vhd</spirit:name>
        <spirit:fileType>vhdlSource</spirit:fileType>
      </spirit:file>
      <spirit:file>
        <spirit:name>hdl/vhdl/axi_decrypt_flow_control_loop_pipe_sequential_init.vhd</spirit:name>
        <spirit:fileType>vhdlSource</spirit:fileType>
      </spirit:file>
      <spirit:file>
        <spirit:name>hdl/vhdl/axi_decrypt_ROUND_7.vhd</spirit:name>
        <spirit:fileType>vhdlSource</spirit:fileType>
      </spirit:file>
      <spirit:file>
        <spirit:name>hdl/vhdl/axi_decrypt_sparsemux_17_3_8_1_1.vhd</spirit:name>
        <spirit:fileType>vhdlSource</spirit:fileType>
      </spirit:file>
      <spirit:file>
        <spirit:name>hdl/vhdl/axi_decrypt_sparsemux_19_4_8_1_1.vhd</spirit:name>
        <spirit:fileType>vhdlSource</spirit:fileType>
      </spirit:file>
      <spirit:file>
        <spirit:name>hdl/vhdl/axi_decrypt_u64_to_u8_array.vhd</spirit:name>
        <spirit:fileType>vhdlSource</spirit:fileType>
      </spirit:file>
      <spirit:file>
        <spirit:name>hdl/vhdl/axi_decrypt_u64_to_u8_array_clone.vhd</spirit:name>
        <spirit:fileType>vhdlSource</spirit:fileType>
      </spirit:file>
      <spirit:file>
        <spirit:name>hdl/vhdl/axi_decrypt.vhd</spirit:name>
        <spirit:fileType>vhdlSource</spirit:fileType>
        <spirit:userFileType>CHECKSUM_f8f7a718</spirit:userFileType>
      </spirit:file>
    </spirit:fileSet>
    <spirit:fileSet>
      <spirit:name>xilinx_vhdlbehavioralsimulation_view_fileset</spirit:name>
      <spirit:file>
        <spirit:name>hdl/vhdl/axi_decrypt_c_u8_RAM_AUTO_1R1W.vhd</spirit:name>
        <spirit:fileType>vhdlSource</spirit:fileType>
        <spirit:userFileType>USED_IN_ipstatic</spirit:userFileType>
      </spirit:file>
      <spirit:file>
        <spirit:name>hdl/vhdl/axi_decrypt_control_s_axi.vhd</spirit:name>
        <spirit:fileType>vhdlSource</spirit:fileType>
        <spirit:userFileType>USED_IN_ipstatic</spirit:userFileType>
      </spirit:file>
      <spirit:file>
        <spirit:name>hdl/vhdl/axi_decrypt_crypto_aead_decrypt.vhd</spirit:name>
        <spirit:fileType>vhdlSource</spirit:fileType>
        <spirit:userFileType>USED_IN_ipstatic</spirit:userFileType>
      </spirit:file>
      <spirit:file>
        <spirit:name>hdl/vhdl/axi_decrypt_crypto_aead_decrypt_Pipeline_VITIS_LOOP_22_1.vhd</spirit:name>
        <spirit:fileType>vhdlSource</spirit:fileType>
        <spirit:userFileType>USED_IN_ipstatic</spirit:userFileType>
      </spirit:file>
      <spirit:file>
        <spirit:name>hdl/vhdl/axi_decrypt_crypto_aead_decrypt_Pipeline_VITIS_LOOP_22_11.vhd</spirit:name>
        <spirit:fileType>vhdlSource</spirit:fileType>
        <spirit:userFileType>USED_IN_ipstatic</spirit:userFileType>
      </spirit:file>
      <spirit:file>
        <spirit:name>hdl/vhdl/axi_decrypt_crypto_aead_decrypt_Pipeline_VITIS_LOOP_22_12.vhd</spirit:name>
        <spirit:fileType>vhdlSource</spirit:fileType>
        <spirit:userFileType>USED_IN_ipstatic</spirit:userFileType>
      </spirit:file>
      <spirit:file>
        <spirit:name>hdl/vhdl/axi_decrypt_crypto_aead_decrypt_Pipeline_VITIS_LOOP_22_13.vhd</spirit:name>
        <spirit:fileType>vhdlSource</spirit:fileType>
        <spirit:userFileType>USED_IN_ipstatic</spirit:userFileType>
      </spirit:file>
      <spirit:file>
        <spirit:name>hdl/vhdl/axi_decrypt_crypto_aead_decrypt_Pipeline_VITIS_LOOP_32_1.vhd</spirit:name>
        <spirit:fileType>vhdlSource</spirit:fileType>
        <spirit:userFileType>USED_IN_ipstatic</spirit:userFileType>
      </spirit:file>
      <spirit:file>
        <spirit:name>hdl/vhdl/axi_decrypt_crypto_aead_decrypt_Pipeline_VITIS_LOOP_70_1.vhd</spirit:name>
        <spirit:fileType>vhdlSource</spirit:fileType>
        <spirit:userFileType>USED_IN_ipstatic</spirit:userFileType>
      </spirit:file>
      <spirit:file>
        <spirit:name>hdl/vhdl/axi_decrypt_flow_control_loop_pipe_sequential_init.vhd</spirit:name>
        <spirit:fileType>vhdlSource</spirit:fileType>
        <spirit:userFileType>USED_IN_ipstatic</spirit:userFileType>
      </spirit:file>
      <spirit:file>
        <spirit:name>hdl/vhdl/axi_decrypt_ROUND_7.vhd</spirit:name>
        <spirit:fileType>vhdlSource</spirit:fileType>
        <spirit:userFileType>USED_IN_ipstatic</spirit:userFileType>
      </spirit:file>
      <spirit:file>
        <spirit:name>hdl/vhdl/axi_decrypt_sparsemux_17_3_8_1_1.vhd</spirit:name>
        <spirit:fileType>vhdlSource</spirit:fileType>
        <spirit:userFileType>USED_IN_ipstatic</spirit:userFileType>
      </spirit:file>
      <spirit:file>
        <spirit:name>hdl/vhdl/axi_decrypt_sparsemux_19_4_8_1_1.vhd</spirit:name>
        <spirit:fileType>vhdlSource</spirit:fileType>
        <spirit:userFileType>USED_IN_ipstatic</spirit:userFileType>
      </spirit:file>
      <spirit:file>
        <spirit:name>hdl/vhdl/axi_decrypt_u64_to_u8_array.vhd</spirit:name>
        <spirit:fileType>vhdlSource</spirit:fileType>
        <spirit:userFileType>USED_IN_ipstatic</spirit:userFileType>
      </spirit:file>
      <spirit:file>
        <spirit:name>hdl/vhdl/axi_decrypt_u64_to_u8_array_clone.vhd</spirit:name>
        <spirit:fileType>vhdlSource</spirit:fileType>
        <spirit:userFileType>USED_IN_ipstatic</spirit:userFileType>
      </spirit:file>
      <spirit:file>
        <spirit:name>hdl/vhdl/axi_decrypt.vhd</spirit:name>
        <spirit:fileType>vhdlSource</spirit:fileType>
        <spirit:userFileType>USED_IN_ipstatic</spirit:userFileType>
      </spirit:file>
    </spirit:fileSet>
    <spirit:fileSet>
      <spirit:name>xilinx_softwaredriver_view_fileset</spirit:name>
      <spirit:file>
        <spirit:name>drivers/axi_decrypt_v1_0/data/axi_decrypt.mdd</spirit:name>
        <spirit:userFileType>driver_mdd</spirit:userFileType>
      </spirit:file>
      <spirit:file>
        <spirit:name>drivers/axi_decrypt_v1_0/data/axi_decrypt.tcl</spirit:name>
        <spirit:userFileType>driver_tcl</spirit:userFileType>
      </spirit:file>
      <spirit:file>
        <spirit:name>drivers/axi_decrypt_v1_0/data/axi_decrypt.yaml</spirit:name>
        <spirit:userFileType>driver_yml</spirit:userFileType>
      </spirit:file>
      <spirit:file>
        <spirit:name>drivers/axi_decrypt_v1_0/src/CMakeLists.txt</spirit:name>
        <spirit:userFileType>driver_src</spirit:userFileType>
      </spirit:file>
      <spirit:file>
        <spirit:name>drivers/axi_decrypt_v1_0/src/Makefile</spirit:name>
        <spirit:userFileType>driver_src</spirit:userFileType>
      </spirit:file>
      <spirit:file>
        <spirit:name>drivers/axi_decrypt_v1_0/src/xaxi_decrypt.c</spirit:name>
        <spirit:userFileType>driver_src</spirit:userFileType>
      </spirit:file>
      <spirit:file>
        <spirit:name>drivers/axi_decrypt_v1_0/src/xaxi_decrypt.h</spirit:name>
        <spirit:userFileType>driver_src</spirit:userFileType>
      </spirit:file>
      <spirit:file>
        <spirit:name>drivers/axi_decrypt_v1_0/src/xaxi_decrypt_hw.h</spirit:name>
        <spirit:userFileType>driver_src</spirit:userFileType>
      </spirit:file>
      <spirit:file>
        <spirit:name>drivers/axi_decrypt_v1_0/src/xaxi_decrypt_linux.c</spirit:name>
        <spirit:userFileType>driver_src</spirit:userFileType>
      </spirit:file>
      <spirit:file>
        <spirit:name>drivers/axi_decrypt_v1_0/src/xaxi_decrypt_sinit.c</spirit:name>
        <spirit:userFileType>driver_src</spirit:userFileType>
      </spirit:file>
    </spirit:fileSet>
    <spirit:fileSet>
      <spirit:name>xilinx_documentation_view_fileset</spirit:name>
      <spirit:file>
        <spirit:name>doc/ReleaseNotes.txt</spirit:name>
        <spirit:userFileType>text</spirit:userFileType>
      </spirit:file>
    </spirit:fileSet>
    <spirit:fileSet>
      <spirit:name>xilinx_miscfiles_view_fileset</spirit:name>
      <spirit:file>
        <spirit:name>misc/logo.png</spirit:name>
        <spirit:userFileType>image</spirit:userFileType>
      </spirit:file>
    </spirit:fileSet>
    <spirit:fileSet>
      <spirit:name>xilinx_xpgui_view_fileset</spirit:name>
      <spirit:file>
        <spirit:name>xgui/axi_decrypt_v1_0.tcl</spirit:name>
        <spirit:fileType>tclSource</spirit:fileType>
        <spirit:userFileType>CHECKSUM_c02de1de</spirit:userFileType>
        <spirit:userFileType>XGUI_VERSION_2</spirit:userFileType>
      </spirit:file>
    </spirit:fileSet>
    <spirit:fileSet>
      <spirit:name>xilinx_utilityxitfiles_view_fileset</spirit:name>
      <spirit:file>
        <spirit:name>misc/logo.png</spirit:name>
        <spirit:userFileType>image</spirit:userFileType>
        <spirit:userFileType>LOGO</spirit:userFileType>
      </spirit:file>
    </spirit:fileSet>
  </spirit:fileSets>
  <spirit:description>An IP generated by Vitis HLS</spirit:description>
  <spirit:parameters>
    <spirit:parameter>
      <spirit:name>Component_Name</spirit:name>
      <spirit:value spirit:resolve="user" spirit:id="PARAM_VALUE.Component_Name" spirit:order="1">axi_decrypt_v1_0</spirit:value>
    </spirit:parameter>
    <spirit:parameter>
      <spirit:name>clk_period</spirit:name>
      <spirit:value spirit:id="PARAM_VALUE.clk_period" spirit:order="2">10</spirit:value>
    </spirit:parameter>
    <spirit:parameter>
      <spirit:name>machine</spirit:name>
      <spirit:value spirit:id="PARAM_VALUE.machine" spirit:order="3">64</spirit:value>
    </spirit:parameter>
    <spirit:parameter>
      <spirit:name>combinational</spirit:name>
      <spirit:value spirit:id="PARAM_VALUE.combinational" spirit:order="4">0</spirit:value>
    </spirit:parameter>
    <spirit:parameter>
      <spirit:name>latency</spirit:name>
      <spirit:value spirit:id="PARAM_VALUE.latency" spirit:order="5">70</spirit:value>
    </spirit:parameter>
    <spirit:parameter>
      <spirit:name>II</spirit:name>
      <spirit:value spirit:id="PARAM_VALUE.II" spirit:order="6">x</spirit:value>
    </spirit:parameter>
  </spirit:parameters>
  <spirit:vendorExtensions>
    <xilinx:coreExtensions>
      <xilinx:supportedFamilies>
        <xilinx:family xilinx:lifeCycle="Pre-Production">zynq</xilinx:family>
      </xilinx:supportedFamilies>
      <xilinx:taxonomies>
        <xilinx:taxonomy>/VITIS_HLS_IP</xilinx:taxonomy>
      </xilinx:taxonomies>
      <xilinx:displayName>Axi_decrypt</xilinx:displayName>
      <xilinx:definitionSource>HLS</xilinx:definitionSource>
      <xilinx:coreRevision>2113589522</xilinx:coreRevision>
      <xilinx:coreCreationDateTime>2024-06-05T21:02:21Z</xilinx:coreCreationDateTime>
      <xilinx:sdxKernelAttributes>
        <xilinx:sdx_kernel>true</xilinx:sdx_kernel>
        <xilinx:sdx_kernel_type>hls</xilinx:sdx_kernel_type>
      </xilinx:sdxKernelAttributes>
    </xilinx:coreExtensions>
    <xilinx:packagingInfo>
      <xilinx:xilinxVersion>2023.2</xilinx:xilinxVersion>
      <xilinx:checksum xilinx:scope="busInterfaces" xilinx:value="42ba0a63"/>
      <xilinx:checksum xilinx:scope="memoryMaps" xilinx:value="51f30db8"/>
      <xilinx:checksum xilinx:scope="fileGroups" xilinx:value="af4c2999"/>
      <xilinx:checksum xilinx:scope="ports" xilinx:value="a76662b5"/>
      <xilinx:checksum xilinx:scope="hdlParameters" xilinx:value="78d1c0d1"/>
      <xilinx:checksum xilinx:scope="parameters" xilinx:value="7230d803"/>
    </xilinx:packagingInfo>
  </spirit:vendorExtensions>
</spirit:component>
